FID,ID,Site,Transect,StartEnd,UTMn,UTMe,Note,Lat,Long
0,nb_martone_high_0,NB,High,Start,5724176.247999999672174,559817.719299999997020,Called high1 in the table,51.665381785100003,-128.135089875999995
1,nb_martone_high_1, , ,1,5724177.208999999798834,559817.441100000054576, ,51.665390454499999,-128.135093734000009
2,nb_martone_high_2, , ,2,5724178.168999999761581,559817.162800000049174, ,51.665399115000000,-128.135097593000012
3,nb_martone_high_3, , ,3,5724179.129999999888241,559816.884599999990314, ,51.665407784400003,-128.135101450000008
4,nb_martone_high_4, , ,4,5724180.089999999850988,559816.606400000047870, ,51.665416444900004,-128.135105307999993
5,nb_martone_high_5, , ,5,5724181.050999999977648,559816.328100000042468, ,51.665425114300000,-128.135109166999996
6,nb_martone_high_6, , ,6,5724182.010999999940395,559816.049899999983609, ,51.665433774800000,-128.135113025000010
7,nb_martone_high_7, , ,7,5724182.972000000067055,559815.771599999978207, ,51.665442444200004,-128.135116884000013
8,nb_martone_high_8, , ,8,5724183.932000000029802,559815.493400000035763, ,51.665451104699997,-128.135120741000009
9,nb_martone_high_9, , ,9,5724184.893000000156462,559815.215199999976903, ,51.665459774100000,-128.135124598999994
10,nb_martone_high_10, , ,10,5724185.853000000119209,559814.936899999971502, ,51.665468434600001,-128.135128457999997
11,nb_martone_high_11, , ,11,5724186.814000000245869,559814.658700000029057, ,51.665477103999997,-128.135132314999993
12,nb_martone_high_12, , ,12,5724187.774000000208616,559814.380499999970198, ,51.665485764400003,-128.135136173000006
13,nb_martone_high_13, , ,13,5724188.735000000335276,559814.102199999964796, ,51.665494433900001,-128.135140032000010
14,nb_martone_high_14, , ,14,5724189.695000000298023,559813.824000000022352, ,51.665503094300000,-128.135143889999995
15,nb_martone_high_15, , ,15,5724190.656000000424683,559813.545700000016950, ,51.665511763799998,-128.135147748999998
16,nb_martone_high_16, , ,16,5724191.616000000387430,559813.267499999958090, ,51.665520424199997,-128.135151605999994
17,nb_martone_high_17, , ,17,5724192.576999999582767,559812.989300000015646, ,51.665529093700002,-128.135155464000007
18,nb_martone_high_18, , ,18,5724193.536999999545515,559812.711000000010245, ,51.665537754100001,-128.135159323000011
19,nb_martone_high_19, , ,19,5724194.497999999672174,559812.432799999951385, ,51.665546423599999,-128.135163180999996
20,nb_martone_high_20, , ,20,5724195.457999999634922,559812.154600000008941, ,51.665555083999998,-128.135167037999992
21,nb_martone_high_21, , ,21,5724196.418999999761581,559811.876300000003539, ,51.665563753500003,-128.135170896999995
22,nb_martone_high_22, , ,22,5724197.378999999724329,559811.598099999944679, ,51.665572413900001,-128.135174755000008
23,nb_martone_high_23, , ,23,5724198.339999999850988,559811.319800000055693, ,51.665581083299998,-128.135178614000012
24,nb_martone_high3,NB,High,End,5724199.388000000268221,559811.016199999954551,End happens to be called high3,51.665590537699998,-128.135182823999997
25,5th_high0,5B,High,Start,5721424.733000000007451,558365.241700000013225, ,51.640797004400000,-128.156548205000007
26,5th_high1, , ,1,5721424.229000000283122,558364.377899999963120, ,51.640792562800002,-128.156560770999988
27,5th_high2, , ,2,5721423.724999999627471,558363.514199999975972, ,51.640788121200004,-128.156573334999990
28,5th_high3, , ,3,5721423.220999999903142,558362.650400000042282, ,51.640783679599998,-128.156585901000000
29,5th_high4, , ,4,5721422.717000000178814,558361.786599999992177, ,51.640779238100002,-128.156598465999991
30,5th_high5, , ,5,5721422.213999999687076,558360.922900000005029, ,51.640774805500001,-128.156611029999993
31,5th_high6, , ,6,5721421.709999999962747,558360.059099999954924, ,51.640770363900003,-128.156623596000003
32,5th_high7, , ,7,5721421.206000000238419,558359.195300000021234, ,51.640765922299998,-128.156636160999994
33,5th_high8, , ,8,5721420.701999999582767,558358.331600000034086, ,51.640761480700000,-128.156648725999986
34,5th_high9, , ,9,5721420.197999999858439,558357.467799999983981, ,51.640757039100002,-128.156661291000006
35,5th_high10, , ,10,5721419.694000000134110,558356.604000000050291, ,51.640752597499997,-128.156673856999987
36,5th_high11, , ,11,5721419.190000000409782,558355.740299999946728, ,51.640748155899999,-128.156686420999989
37,5th_high12, , ,12,5721418.685999999754131,558354.876500000013039, ,51.640743714300001,-128.156698986999999
38,5th_high13, , ,13,5721418.182000000029802,558354.012699999962933, ,51.640739272700003,-128.156711551999990
39,5th_high14, , ,14,5721417.678999999538064,558353.148999999975786, ,51.640734840100002,-128.156724115999992
40,5th_high15, , ,15,5721417.174999999813735,558352.285200000042096, ,51.640730398499997,-128.156736682000002
41,5th_high16, , ,16,5721416.671000000089407,558351.421399999991991, ,51.640725956899999,-128.156749246999993
42,5th_high17, , ,17,5721416.167000000365078,558350.557700000004843, ,51.640721515300001,-128.156761810999996
43,5th_high18, , ,18,5721415.662999999709427,558349.693899999954738, ,51.640717073700003,-128.156774377000005
44,5th_high19, , ,19,5721415.158999999985099,558348.830100000021048, ,51.640712632099998,-128.156786942999986
45,5th_high20, , ,20,5721414.655000000260770,558347.966400000033900, ,51.640708190500000,-128.156799506999988
46,5th_high21, , ,21,5721414.150999999605119,558347.102599999983795, ,51.640703748900002,-128.156812072000008
47,5th_high22, , ,22,5721413.646999999880791,558346.238800000050105, ,51.640699307299997,-128.156824637999989
48,5th_high23, , ,23,5721413.143000000156462,558345.375099999946542, ,51.640694865599997,-128.156837201999991
49,5th_high24, , ,24,5721412.639999999664724,558344.511300000012852, ,51.640690433000003,-128.156849767000011
50,5th_high25, , ,25,5721412.135999999940395,558343.647499999962747, ,51.640685991399998,-128.156862332999992
51,5th_high26, , ,26,5721411.632000000216067,558342.783799999975599, ,51.640681549800000,-128.156874896999994
52,5th_high27, , ,27,5721411.127999999560416,558341.920000000041910, ,51.640677108200002,-128.156887463000004
53,5th_high28, , ,28,5721410.623999999836087,558341.056199999991804, ,51.640672666599997,-128.156900027999995
54,5th_high30,5B,High,End,5721409.986999999731779,558339.964299999992363, ,51.640667052900000,-128.156915911999988
55,5th_mid0,5B,Mid,Start,5721426.757000000216067,558361.846299999975599, ,51.640815553600000,-128.156596930000006
56,5th_mid1, , ,1,5721426.389999999664724,558360.916199999977835, ,51.640812350600001,-128.156610430999990
57,5th_mid2, , ,2,5721426.021999999880791,558359.986099999980070, ,51.640809138599998,-128.156623931000013
58,5th_mid3, , ,3,5721425.655000000260770,558359.056100000045262, ,51.640805935600000,-128.156637431000007
59,5th_mid4, , ,4,5721425.287999999709427,558358.126000000047497, ,51.640802732600001,-128.156650931999991
60,5th_mid5, , ,5,5721424.919999999925494,558357.195900000049733, ,51.640799520599998,-128.156664432000014
61,5th_mid6, , ,6,5721424.553000000305474,558356.265800000051968, ,51.640796317600000,-128.156677932999997
62,5th_mid7, , ,7,5721424.185999999754131,558355.335700000054203, ,51.640793114600001,-128.156691434000010
63,5th_mid8, , ,8,5721423.817999999970198,558354.405600000056438, ,51.640789902599998,-128.156704934999993
64,5th_mid9, , ,9,5721423.451000000350177,558353.475600000005215, ,51.640786699600000,-128.156718433999998
65,5th_mid10, , ,10,5721423.082999999634922,558352.545500000007451, ,51.640783487599997,-128.156731935000010
66,5th_mid11, , ,11,5721422.716000000014901,558351.615400000009686, ,51.640780284599998,-128.156745435999994
67,5th_mid12, , ,12,5721422.349000000394881,558350.685300000011921, ,51.640777081499998,-128.156758937000006
68,5th_mid13, , ,13,5721421.980999999679625,558349.755200000014156, ,51.640773869500002,-128.156772437999990
69,5th_mid14, , ,14,5721421.614000000059605,558348.825199999962933, ,51.640770666500003,-128.156785936999995
70,5th_mid15, , ,15,5721421.247000000439584,558347.895099999965169, ,51.640767463499998,-128.156799438000007
71,5th_mid16, , ,16,5721420.878999999724329,558346.964999999967404, ,51.640764251500002,-128.156812938999991
72,5th_mid17, , ,17,5721420.512000000104308,558346.034899999969639, ,51.640761048400002,-128.156826439000014
73,5th_mid18, , ,18,5721420.144999999552965,558345.104799999971874, ,51.640757845400003,-128.156839939999998
74,5th_mid19, , ,19,5721419.776999999769032,558344.174800000037067, ,51.640754633400000,-128.156853439999992
75,5th_mid20, , ,20,5721419.410000000149012,558343.244700000039302, ,51.640751430400002,-128.156866939999986
76,5th_mid21, , ,21,5721419.042999999597669,558342.314600000041537, ,51.640748227300001,-128.156880440999998
77,5th_mid22, , ,22,5721418.674999999813735,558341.384500000043772, ,51.640745015299998,-128.156893942000011
78,5th_mid23, , ,23,5721418.308000000193715,558340.454400000046007, ,51.640741812300000,-128.156907442999994
79,5th_mid24, , ,24,5721417.940999999642372,558339.524300000048243, ,51.640738609200000,-128.156920942999989
80,5th_mid25, , ,25,5721417.572999999858439,558338.594299999997020, ,51.640735397199997,-128.156934443000011
81,5th_mid30,5B,Mid,End,5721417.075000000186265,558337.332999999984168, ,51.640731050799999,-128.156952751000006
82,5th_low0,5B,Low,Start,5721431.219999999739230,558358.384899999946356, ,51.640856037600003,-128.156646201000001
83,5th_low1, , ,1,5721430.786999999545515,558357.483299999963492, ,51.640852238299999,-128.156659300999991
84,5th_low2, , ,2,5721430.355000000447035,558356.581600000034086, ,51.640848447899998,-128.156672401999998
85,5th_low3, , ,3,5721429.922000000253320,558355.680000000051223, ,51.640844648600002,-128.156685501999988
86,5th_low4, , ,4,5721429.490000000223517,558354.778399999951944, ,51.640840858200001,-128.156698602000006
87,5th_low5, , ,5,5721429.057000000029802,558353.876700000022538, ,51.640837058899997,-128.156711704000003
88,5th_low6, , ,6,5721428.625000000000000,558352.975100000039674, ,51.640833268500003,-128.156724803000003
89,5th_low7, , ,7,5721428.191999999806285,558352.073500000056811, ,51.640829469200000,-128.156737902999993
90,5th_low8, , ,8,5721427.759999999776483,558351.171800000010990, ,51.640825678900001,-128.156751004999990
91,5th_low9, , ,9,5721427.326999999582767,558350.270200000028126, ,51.640821879500002,-128.156764105000008
92,5th_low10, , ,10,5721426.894999999552965,558349.368600000045262, ,51.640818089100001,-128.156777204000008
93,5th_low11, , ,11,5721426.462000000290573,558348.466899999999441, ,51.640814289799998,-128.156790306000005
94,5th_low12, , ,12,5721426.030000000260770,558347.565300000016578, ,51.640810499399997,-128.156803405999995
95,5th_low13, , ,13,5721425.597000000067055,558346.663700000033714, ,51.640806700100001,-128.156816504999995
96,5th_low14, , ,14,5721425.165000000037253,558345.762100000050850, ,51.640802909700000,-128.156829605000013
97,5th_low15, , ,15,5721424.731999999843538,558344.860400000005029, ,51.640799110400003,-128.156842707000010
98,5th_low16, , ,16,5721424.299999999813735,558343.958800000022165, ,51.640795320000002,-128.156855806000010
99,5th_low17, , ,17,5721423.866999999620020,558343.057200000039302, ,51.640791520599997,-128.156868906000000
100,5th_low18, , ,18,5721423.434999999590218,558342.155499999993481, ,51.640787730299998,-128.156882007999997
101,5th_low19, , ,19,5721423.002000000327826,558341.253900000010617, ,51.640783930900000,-128.156895107999986
102,5th_low20, , ,20,5721422.570000000298023,558340.352300000027753, ,51.640780140499999,-128.156908206999987
103,5th_low21, , ,21,5721422.137000000104308,558339.450599999981932, ,51.640776341200002,-128.156921309000012
104,5th_low22, , ,22,5721421.705000000074506,558338.548999999999069, ,51.640772550800001,-128.156934408000012
105,5th_low23, , ,23,5721421.271999999880791,558337.647400000016205, ,51.640768751400003,-128.156947508000002
106,5th_low30,5B,Low,End,5721420.770999999716878,558336.602100000018254, ,51.640764355599998,-128.156962695999994
107,Meay_Lower_0,MEAY,Low,Start,5723996.639999999664724,562442.613000000012107,Called Meay_Lower_1 in the table,51.663481459600000,-128.097173354000006
108,Meay_Lower_1, , ,1,5723995.652999999932945,562442.773900000029244, ,51.663472568300001,-128.097171204999995
109,Meay_Lower_2, , ,2,5723994.666000000201166,562442.934800000046380, ,51.663463676900001,-128.097169054999995
110,Meay_Lower_3, , ,3,5723993.678999999538064,562443.095699999947101, ,51.663454785500001,-128.097166904999995
111,Meay_Lower_4, , ,4,5723992.691999999806285,562443.256599999964237, ,51.663445894200002,-128.097164754999994
112,Meay_Lower_5, , ,5,5723991.705000000074506,562443.417499999981374, ,51.663437002800002,-128.097162606000012
113,Meay_Lower_6, , ,6,5723990.718000000342727,562443.578399999998510, ,51.663428111400002,-128.097160456000012
114,Meay_Lower_7, , ,7,5723989.730999999679625,562443.739300000015646, ,51.663419220100003,-128.097158306000011
115,Meay_Lower_8, , ,8,5723988.743999999947846,562443.900200000032783, ,51.663410328700003,-128.097156157000001
116,Meay_Lower_9, , ,9,5723987.757000000216067,562444.061100000049919, ,51.663401437300003,-128.097154007000000
117,Meay_Lower_10, , ,10,5723986.769999999552965,562444.221999999950640, ,51.663392545999997,-128.097151857000000
118,Meay_Lower_11, , ,11,5723985.782999999821186,562444.382899999967776, ,51.663383654599997,-128.097149707999989
119,Meay_Lower_12, , ,12,5723984.796000000089407,562444.543799999984913, ,51.663374763199997,-128.097147557999989
120,Meay_Lower_13, , ,13,5723983.809000000357628,562444.704700000002049, ,51.663365871899998,-128.097145407999989
121,Meay_Lower_14, , ,14,5723982.821999999694526,562444.865600000019185, ,51.663356980499998,-128.097143259000006
122,Meay_Lower_15, , ,15,5723981.834999999962747,562445.026500000036322, ,51.663348089099998,-128.097141109000006
123,Meay_Lower_16, , ,16,5723980.848000000230968,562445.187400000053458, ,51.663339197799999,-128.097138959000006
124,Meay_Lower_17, , ,17,5723979.860999999567866,562445.348299999954179, ,51.663330306399999,-128.097136809999995
125,Meay_Lower_18, , ,18,5723978.875000000000000,562445.509199999971315, ,51.663321424000003,-128.097134659999995
126,Meay_Lower_19, , ,19,5723977.888000000268221,562445.670099999988452, ,51.663312532699997,-128.097132509999994
127,Meay_Lower_20, , ,20,5723976.900999999605119,562445.831000000005588, ,51.663303641299997,-128.097130359999994
128,Meay_Lower_21, , ,21,5723975.913999999873340,562445.991900000022724, ,51.663294749899997,-128.097128211000012
129,Meay_Lower_22, , ,22,5723974.927000000141561,562446.152800000039861, ,51.663285858599998,-128.097126061000012
130,Meay_Lower_23, , ,23,5723973.940000000409782,562446.313700000056997, ,51.663276967199998,-128.097123911000011
131,Meay_Lower_24, , ,24,5723972.952999999746680,562446.474599999957718, ,51.663268075799998,-128.097121762000000
132,Meay_Lower_25, , ,25,5723971.966000000014901,562446.635499999974854, ,51.663259184499999,-128.097119612000000
133,Meay_Lower_26, , ,26,5723970.979000000283122,562446.796399999991991, ,51.663250293099999,-128.097117462000000
134,Meay_Lower_27, , ,27,5723969.991999999620020,562446.957300000009127, ,51.663241401800001,-128.097115312999989
135,Meay_Lower_28, , ,28,5723969.004999999888241,562447.118200000026263, ,51.663232510400000,-128.097113162999989
136,Meay_Lower_29, , ,29,5723968.018000000156462,562447.279100000043400, ,51.663223619000000,-128.097111012999989
137,Meay_Lower_30, , ,30,5723967.031000000424683,562447.439999999944121, ,51.663214727700002,-128.097108864000006
138,Meay_Lower_31, , ,31,5723966.043999999761581,562447.600899999961257, ,51.663205836300001,-128.097106714000006
139,Meay_Lower_32, , ,32,5723965.057000000029802,562447.761799999978393, ,51.663196944900001,-128.097104564000006
140,Meay_Lower_33, , ,33,5723964.070000000298023,562447.922699999995530, ,51.663188053600003,-128.097102414999995
141,Meay_Lower_34, , ,34,5723963.082999999634922,562448.083600000012666, ,51.663179162200002,-128.097100264999995
142,Meay_Lower_35, , ,35,5723962.095999999903142,562448.244500000029802, ,51.663170270800002,-128.097098114999994
143,Meay_Lower_36, , ,36,5723961.109000000171363,562448.405400000046939, ,51.663161379500004,-128.097095966000012
144,Meay_Lower_37, , ,37,5723960.122000000439584,562448.566299999947660, ,51.663152488100003,-128.097093816000012
145,Meay_Lower_38, , ,38,5723959.134999999776483,562448.727199999964796, ,51.663143596700003,-128.097091666000011
146,Meay_Lower_39, , ,39,5723958.148000000044703,562448.888099999981932, ,51.663134705399997,-128.097089517000001
147,Meay_Lower_40, , ,40,5723957.161000000312924,562449.048999999999069, ,51.663125813999997,-128.097087367000000
148,Meay_Lower_41, , ,41,5723956.173999999649823,562449.209900000016205, ,51.663116922599997,-128.097085217000000
149,Meay_Lower_42, , ,42,5723955.186999999918044,562449.370800000033341, ,51.663108031299998,-128.097083067999989
150,Meay_Lower_43, , ,43,5723954.200000000186265,562449.531700000050478, ,51.663099139899998,-128.097080917999989
151,Meay_Lower_44, , ,44,5723953.213000000454485,562449.692599999951199, ,51.663090248499998,-128.097078767999989
152,Meay_Lower_45, , ,45,5723952.225999999791384,562449.853499999968335, ,51.663081357199999,-128.097076619000006
153,Meay_Lower_46, , ,46,5723951.239000000059605,562450.014399999985471, ,51.663072465799999,-128.097074469000006
154,Meay_Lower_47,MEAY,Low,End,5723949.879999999888241,562450.236000000033528,Called Lower_2,51.663060223300000,-128.097071507999999
155,Meay_Mid_0,MEAY,Mid,Start,5723984.879999999888241,562429.797999999951571,Called Mid_1,51.663377156899998,-128.097360715999997
156,Meay_Mid_1, , ,1,5723983.904000000096858,562430.017299999948591, ,51.663368358000000,-128.097357719999991
157,Meay_Mid_2, , ,2,5723982.928999999538064,562430.236499999999069, ,51.663359567999997,-128.097354725999992
158,Meay_Mid_3, , ,3,5723981.952999999746680,562430.455799999996088, ,51.663350769099999,-128.097351730000014
159,Meay_Mid_4, , ,4,5723980.976999999955297,562430.675099999993108, ,51.663341970099999,-128.097348734000008
160,Meay_Mid_5, , ,5,5723980.002000000327826,562430.894300000043586, ,51.663333180199999,-128.097345738999991
161,Meay_Mid_6, , ,6,5723979.025999999605119,562431.113600000040606, ,51.663324381199999,-128.097342743000013
162,Meay_Mid_7, , ,7,5723978.049999999813735,562431.332900000037625, ,51.663315582300001,-128.097339747000007
163,Meay_Mid_8, , ,8,5723977.075000000186265,562431.552099999971688, ,51.663306792299998,-128.097336751999990
164,Meay_Mid_9, , ,9,5723976.099000000394881,562431.771399999968708, ,51.663297993299999,-128.097333756000012
165,Meay_Mid_10, , ,10,5723975.122999999672174,562431.990699999965727, ,51.663289194400001,-128.097330760999995
166,Meay_Mid_11, , ,11,5723974.148000000044703,562432.209900000016205, ,51.663280404399998,-128.097327766000006
167,Meay_Mid_12, , ,12,5723973.172000000253320,562432.429200000013225, ,51.663271605500000,-128.097324770000000
168,Meay_Mid_13, , ,13,5723972.196000000461936,562432.648500000010245, ,51.663262806500001,-128.097321773999994
169,Meay_Mid_14, , ,14,5723971.220999999903142,562432.867699999944307, ,51.663254016600000,-128.097318779000005
170,Meay_Mid_15, , ,15,5723970.245000000111759,562433.087000000057742, ,51.663245217600000,-128.097315782999999
171,Meay_Mid_16, , ,16,5723969.269000000320375,562433.306300000054762, ,51.663236418700002,-128.097312786999993
172,Meay_Mid_17, , ,17,5723968.293999999761581,562433.525499999988824, ,51.663227628700000,-128.097309792999994
173,Meay_Mid_18, , ,18,5723967.317999999970198,562433.744799999985844, ,51.663218829700000,-128.097306796999987
174,Meay_Mid_19, , ,19,5723966.342000000178814,562433.964099999982864, ,51.663210030800002,-128.097303801000010
175,Meay_Mid_20, , ,20,5723965.366999999620020,562434.183300000033341, ,51.663201240799999,-128.097300805999993
176,Meay_Mid_21, , ,21,5723964.390999999828637,562434.402600000030361, ,51.663192441900001,-128.097297809999986
177,Meay_Mid_22, , ,22,5723963.415000000037253,562434.621900000027381, ,51.663183642900002,-128.097294814000009
178,Meay_Mid_23, , ,23,5723962.440000000409782,562434.841099999961443, ,51.663174853000001,-128.097291820000009
179,Meay_Mid_24, , ,24,5723961.463999999687076,562435.060399999958463, ,51.663166054000001,-128.097288824000003
180,Meay_Mid_25, , ,25,5723960.487999999895692,562435.279699999955483, ,51.663157255000002,-128.097285827999997
181,Meay_Mid_26, , ,26,5723959.513000000268221,562435.498900000005960, ,51.663148465100001,-128.097282833000008
182,Meay_Mid_27, , ,27,5723958.536999999545515,562435.718200000002980, ,51.663139666100001,-128.097279837000002
183,Meay_Mid_28, , ,28,5723957.560999999754131,562435.937500000000000, ,51.663130867200003,-128.097276840999996
184,Meay_Mid_29, , ,29,5723956.586000000126660,562436.156700000050478, ,51.663122077200001,-128.097273846999997
185,Meay_Mid_30, , ,30,5723955.610000000335276,562436.376000000047497, ,51.663113278300003,-128.097270850999990
186,Meay_Mid_31, , ,31,5723954.633999999612570,562436.595300000044517, ,51.663104479300003,-128.097267855000013
187,Meay_Mid_32, , ,32,5723953.658999999985099,562436.814499999978580, ,51.663095689300000,-128.097264859999996
188,Meay_Mid_33, , ,33,5723952.683000000193715,562437.033799999975599, ,51.663086890400002,-128.097261863999989
189,Meay_Mid_34, , ,34,5723951.707000000402331,562437.253099999972619, ,51.663078091400003,-128.097258868000011
190,Meay_Mid_35, , ,35,5723950.731999999843538,562437.472300000023097, ,51.663069301500002,-128.097255874000012
191,Meay_Mid_36, , ,36,5723949.756000000052154,562437.691600000020117, ,51.663060502500002,-128.097252878000006
192,Meay_Mid_37, , ,37,5723948.780000000260770,562437.910900000017136, ,51.663051703500003,-128.097249882000000
193,Meay_Mid_38, , ,38,5723947.804999999701977,562438.130099999951199, ,51.663042913600002,-128.097246887000011
194,Meay_High_0,MEAY,High,Start,5723979.580000000074506,562416.270999999949709,Called Meay_High_1,51.663331010800000,-128.097557216000013
195,Meay_High_1, , ,1,5723978.601999999955297,562416.481900000013411, ,51.663322194800003,-128.097554341999995
196,Meay_High_2, , ,2,5723977.625000000000000,562416.692799999960698, ,51.663313387800002,-128.097551468000006
197,Meay_High_3, , ,3,5723976.646999999880791,562416.903700000024401, ,51.663304571799998,-128.097548593999988
198,Meay_High_4, , ,4,5723975.669999999925494,562417.114599999971688, ,51.663295764799997,-128.097545719000010
199,Meay_High_5, , ,5,5723974.691999999806285,562417.325500000035390, ,51.663286948800000,-128.097542844999992
200,Meay_High_6, , ,6,5723973.714999999850988,562417.536399999982677, ,51.663278141799999,-128.097539971000003
201,Meay_High_7, , ,7,5723972.736999999731779,562417.747300000046380, ,51.663269325800002,-128.097537096999986
202,Meay_High_8, , ,8,5723971.759999999776483,562417.958199999993667, ,51.663260518800001,-128.097534222000007
203,Meay_High_9, , ,9,5723970.781999999657273,562418.169100000057369, ,51.663251702799997,-128.097531347999990
204,Meay_High_10, , ,10,5723969.804999999701977,562418.380000000004657, ,51.663242895700002,-128.097528474000001
205,Meay_High_11, , ,11,5723968.826999999582767,562418.590899999951944, ,51.663234079799999,-128.097525598999994
206,Meay_High_12, , ,12,5723967.849999999627471,562418.801800000015646, ,51.663225272699997,-128.097522725000005
207,Meay_High_13, , ,13,5723966.872000000439584,562419.012699999962933, ,51.663216456699999,-128.097519850999987
208,Meay_High_14, , ,14,5723965.894999999552965,562419.223600000026636, ,51.663207649699999,-128.097516976999998
209,Meay_High_15, , ,15,5723964.917000000365078,562419.434499999973923, ,51.663198833700001,-128.097514101999991
210,Meay_High_16, , ,16,5723963.940000000409782,562419.645400000037625, ,51.663190026700001,-128.097511228000002
211,Meay_High_17, , ,17,5723962.962000000290573,562419.856299999984913, ,51.663181210700003,-128.097508354000013
212,Meay_High_18, , ,18,5723961.985000000335276,562420.067200000048615, ,51.663172403700003,-128.097505479000006
213,Meay_High_19, , ,19,5723961.007000000216067,562420.278099999995902, ,51.663163587699998,-128.097502604999988
214,Meay_High_20, , ,20,5723960.030000000260770,562420.488999999943189, ,51.663154780699998,-128.097499730999999
215,Meay_High_21, , ,21,5723959.052000000141561,562420.699900000006892, ,51.663145964700000,-128.097496857000010
216,Meay_High_22, , ,22,5723958.075000000186265,562420.910799999954179, ,51.663137157700000,-128.097493982000003
217,Meay_High_23, , ,23,5723957.097000000067055,562421.121700000017881, ,51.663128341700002,-128.097491108000014
218,Meay_High_24, , ,24,5723956.120000000111759,562421.332599999965169, ,51.663119534700002,-128.097488233999997
219,Meay_High_25, , ,25,5723955.141999999992549,562421.543500000028871, ,51.663110718699997,-128.097485360000007
220,Meay_High_26, , ,26,5723954.165000000037253,562421.754399999976158, ,51.663101911699997,-128.097482485000000
221,Meay_High_27, , ,27,5723953.186999999918044,562421.965300000039861, ,51.663093095699999,-128.097479611000011
222,Meay_High_28, , ,28,5723952.209999999962747,562422.176199999987148, ,51.663084288699999,-128.097476736999994
223,Meay_High_29, , ,29,5723951.231999999843538,562422.387100000050850, ,51.663075472700001,-128.097473863000005
224,Meay_High_30, , ,30,5723950.254999999888241,562422.597999999998137, ,51.663066665599999,-128.097470987999998
225,Meay_High_31, , ,31,5723949.276999999769032,562422.808899999945424, ,51.663057849600001,-128.097468114000009
226,Meay_High_32, , ,32,5723948.299999999813735,562423.019800000009127, ,51.663049042600001,-128.097465239999991
227,Meay_High_33, , ,33,5723947.321999999694526,562423.230699999956414, ,51.663040226600003,-128.097462366000002
228,Meay_High_34, , ,34,5723946.344999999739230,562423.441600000020117, ,51.663031419600003,-128.097459490999995
229,Meay_High_35, , ,35,5723945.366999999620020,562423.652499999967404, ,51.663022603599998,-128.097456617000006
230,Meay_High_36,MEAY,High,End,5723944.030000000260770,562423.940999999991618,Was called Meay_High_2,51.663010551500001,-128.097452685000007
231,Foggy Low 0,WB,Low,Start,5722602.173000000417233,559255.462100000004284, ,51.651289677400001,-128.143485465999987
232,Foggy Low 1, , ,1,5722601.574000000022352,559254.661300000036135, ,51.651284376500001,-128.143497141000012
233,Foggy Low 2, , ,2,5722600.974999999627471,559253.860400000005029, ,51.651279075600002,-128.143508817999987
234,Foggy Low 3, , ,3,5722600.376000000163913,559253.059499999973923, ,51.651273774700002,-128.143520494999990
235,Foggy Low 4, , ,4,5722599.776999999769032,559252.258599999942817, ,51.651268473800002,-128.143532171999993
236,Foggy Low 5, , ,5,5722599.178000000305474,559251.457799999974668, ,51.651263172900002,-128.143543846999989
237,Foggy Low 6, , ,6,5722598.580000000074506,559250.656899999943562, ,51.651257880999999,-128.143555523999993
238,Foggy Low 7, , ,7,5722597.980999999679625,559249.856000000028871, ,51.651252580100000,-128.143567200000007
239,Foggy Low 8, , ,8,5722597.382000000216067,559249.055199999944307, ,51.651247279200000,-128.143578875999992
240,Foggy Low 9, , ,9,5722596.782999999821186,559248.254300000029616, ,51.651241978400002,-128.143590552000006
241,Foggy Low 10, , ,10,5722596.184000000357628,559247.453399999998510, ,51.651236677500002,-128.143602229000010
242,Foggy Low 11, , ,11,5722595.584999999962747,559246.652499999967404, ,51.651231376600002,-128.143613906000013
243,Foggy Low 12, , ,12,5722594.986999999731779,559245.851699999999255, ,51.651226084699999,-128.143625581000009
244,Foggy Low 13, , ,13,5722594.388000000268221,559245.050799999968149, ,51.651220783799999,-128.143637258000012
245,Foggy Low 14, , ,14,5722593.788999999873340,559244.249900000053458, ,51.651215482900000,-128.143648934999987
246,Foggy Low 15, , ,15,5722593.190000000409782,559243.449000000022352, ,51.651210182000000,-128.143660611000001
247,Foggy Low 16, , ,16,5722592.591000000014901,559242.648200000054203, ,51.651204881100000,-128.143672286999987
248,Foggy Low 17, , ,17,5722591.991999999620020,559241.847300000023097, ,51.651199580200000,-128.143683963999990
249,Foggy Low 18, , ,18,5722591.393000000156462,559241.046399999991991, ,51.651194279300000,-128.143695640000004
250,Foggy Low 19, , ,19,5722590.794999999925494,559240.245600000023842, ,51.651188987300003,-128.143707315000000
251,Foggy Low 20, , ,20,5722590.196000000461936,559239.444699999992736, ,51.651183686400003,-128.143718992000004
252,Foggy Low 21, , ,21,5722589.597000000067055,559238.643799999961630, ,51.651178385500003,-128.143730669000007
253,Foggy Low 22, , ,22,5722588.997999999672174,559237.842900000046939, ,51.651173084600003,-128.143742346000010
254,Foggy Low 23, , ,23,5722588.399000000208616,559237.042099999962375, ,51.651167783699997,-128.143754021000007
255,Foggy Low 24, , ,24,5722587.799999999813735,559236.241200000047684, ,51.651162482799997,-128.143765698000010
256,Foggy Low 25, , ,25,5722587.201999999582767,559235.440300000016578, ,51.651157190900001,-128.143777373999995
257,Foggy Low 26, , ,26,5722586.603000000119209,559234.639399999985471, ,51.651151890000001,-128.143789050999999
258,Foggy Low 27, , ,27,5722586.003999999724329,559233.838600000017323, ,51.651146589100001,-128.143800725999995
259,Foggy Low 28, , ,28,5722585.405000000260770,559233.037699999986216, ,51.651141288100000,-128.143812402999998
260,Foggy Low 29, , ,29,5722584.805999999865890,559232.236799999955110, ,51.651135987200000,-128.143824080000002
261,Foggy Low 30, , ,30,5722584.207000000402331,559231.435999999986961, ,51.651130686300000,-128.143835754999998
262,Foggy Low 31, , ,31,5722583.609000000171363,559230.635099999955855, ,51.651125394399998,-128.143847432000001
263,Foggy Low 32, , ,32,5722583.009999999776483,559229.834200000041164, ,51.651120093499998,-128.143859107999987
264,Foggy Low 33, , ,33,5722582.411000000312924,559229.033300000010058, ,51.651114792500003,-128.143870784999990
265,Foggy Low 34, , ,34,5722581.811999999918044,559228.232500000041910, ,51.651109491600003,-128.143882459999986
266,Foggy Low 35, , ,35,5722581.213000000454485,559227.431600000010803, ,51.651104190700003,-128.143894136999990
267,Foggy Low 36.5,WB,Low,End,5722580.628999999724329,559226.650400000042282, ,51.651099022600000,-128.143905526999987
268,Foggy Mid 0,WB,Mid,Start,5722590.849000000394881,559275.608800000045449, ,51.651185745100001,-128.143196208000006
269,Foggy Mid 1, , ,1,5722590.248999999836087,559274.808500000042841, ,51.651180435100002,-128.143207875999991
270,Foggy Mid 2, , ,2,5722589.650000000372529,559274.008299999986775, ,51.651175134200003,-128.143219542999987
271,Foggy Mid 3, , ,3,5722589.049999999813735,559273.207999999984168, ,51.651169824299998,-128.143231211000000
272,Foggy Mid 4, , ,4,5722588.450000000186265,559272.407699999981560, ,51.651164514400001,-128.143242879000013
273,Foggy Mid 5, , ,5,5722587.850999999791384,559271.607500000041910, ,51.651159213500001,-128.143254546000009
274,Foggy Mid 6, , ,6,5722587.251000000163913,559270.807200000039302, ,51.651153903599997,-128.143266213999993
275,Foggy Mid 7, , ,7,5722586.650999999605119,559270.006900000036694, ,51.651148593599999,-128.143277882999996
276,Foggy Mid 8, , ,8,5722586.052000000141561,559269.206699999980628, ,51.651143292699999,-128.143289549000002
277,Foggy Mid 9, , ,9,5722585.451999999582767,559268.406399999978021, ,51.651137982800002,-128.143301218000005
278,Foggy Mid 10, , ,10,5722584.853000000119209,559267.606099999975413, ,51.651132681900002,-128.143312885999990
279,Foggy Mid 11, , ,11,5722584.252999999560416,559266.805900000035763, ,51.651127371900003,-128.143324553000014
280,Foggy Mid 12, , ,12,5722583.652999999932945,559266.005600000033155, ,51.651122061999999,-128.143336220999998
281,Foggy Mid 13, , ,13,5722583.053999999538064,559265.205300000030547, ,51.651116761099999,-128.143347889000012
282,Foggy Mid 14, , ,14,5722582.453999999910593,559264.405099999974482, ,51.651111451200002,-128.143359556000007
283,Foggy Mid 15, , ,15,5722581.854000000283122,559263.604799999971874, ,51.651106141200003,-128.143371223999992
284,Foggy Mid 16, , ,16,5722581.254999999888241,559262.804499999969266, ,51.651100840300003,-128.143382892000005
285,Foggy Mid 17, , ,17,5722580.655000000260770,559262.004300000029616, ,51.651095530399999,-128.143394559000001
286,Foggy Mid 18, , ,18,5722580.054999999701977,559261.204000000027008, ,51.651090220400000,-128.143406227000014
287,Foggy Mid 19, , ,19,5722579.456000000238419,559260.403799999970943, ,51.651084919500001,-128.143417894000009
288,Foggy Mid 20, , ,20,5722578.855999999679625,559259.603499999968335, ,51.651079609600004,-128.143429561999994
289,Foggy Mid 21, , ,21,5722578.256000000052154,559258.803199999965727, ,51.651074299599998,-128.143441230000008
290,Foggy Mid 22, , ,22,5722577.656999999657273,559258.003000000026077, ,51.651068998699998,-128.143452897000003
291,Foggy Mid 23, , ,23,5722577.057000000029802,559257.202700000023469, ,51.651063688800001,-128.143464564999988
292,Foggy Mid 24, , ,24,5722576.457000000402331,559256.402400000020862, ,51.651058378800002,-128.143476233999991
293,Foggy Mid 25, , ,25,5722575.858000000007451,559255.602199999964796, ,51.651053077900002,-128.143487899999997
294,Foggy Mid 26, , ,26,5722575.258000000379980,559254.801899999962188, ,51.651047767900003,-128.143499568000010
295,Foggy Mid 27, , ,27,5722574.658999999985099,559254.001599999959581, ,51.651042467000003,-128.143511235999995
296,Foggy Mid 28, , ,28,5722574.059000000357628,559253.201400000019930, ,51.651037156999998,-128.143522902999990
297,Foggy Mid 29, , ,29,5722573.458999999798834,559252.401100000017323, ,51.651031847100001,-128.143534571000004
298,Foggy Mid 30, , ,30,5722572.860000000335276,559251.600800000014715, ,51.651026546200001,-128.143546240000006
299,Foggy Mid 31, , ,31,5722572.259999999776483,559250.800599999958649, ,51.651021236200002,-128.143557906000012
300,Foggy Mid 32, , ,32,5722571.660000000149012,559250.000299999956042, ,51.651015926299998,-128.143569574999987
301,Foggy Mid 33, , ,33,5722571.060999999754131,559249.199999999953434, ,51.651010625300003,-128.143581243000000
302,Foggy Mid 34, , ,34,5722570.461000000126660,559248.399800000013784, ,51.651005315399999,-128.143592909000006
303,Foggy Mid 35, , ,35,5722569.860999999567866,559247.599500000011176, ,51.651000005400000,-128.143604578000009
304,Foggy Mid 36, , ,36,5722569.262000000104308,559246.799200000008568, ,51.650994704500000,-128.143616245999993
305,Foggy Mid 37, , ,37,5722568.661999999545515,559245.998999999952503, ,51.650989394500002,-128.143627911999999
306,Foggy Mid 38, , ,38,5722568.061999999918044,559245.198699999949895, ,51.650984084500003,-128.143639581000002
307,Foggy Mid 39, , ,39,5722567.463000000454485,559244.398399999947287, ,51.650978783600003,-128.143651248999987
308,Foggy Mid 40, , ,40,5722566.862999999895692,559243.598200000007637, ,51.650973473599997,-128.143662914999993
309,Foggy Mid 41, , ,41,5722566.263000000268221,559242.797900000005029, ,51.650968163700000,-128.143674583999996
310,Foggy Mid 42, , ,42,5722565.663999999873340,559241.997600000002421, ,51.650962862699998,-128.143686252000009
311,Foggy Mid 43, , ,43,5722565.064000000245869,559241.197399999946356, ,51.650957552700000,-128.143697917999987
312,Foggy Mid 44, , ,44,5722564.464999999850988,559240.397099999943748, ,51.650952251800000,-128.143709586000000
313,Foggy Mid 45, , ,45,5722563.865000000223517,559239.596900000004098, ,51.650946941800001,-128.143721252999995
314,Foggy Mid 46, , ,46,5722563.264999999664724,559238.796600000001490, ,51.650941631899997,-128.143732921000009
315,Foggy Mid 47, , ,47,5722562.666000000201166,559237.996299999998882, ,51.650936330900002,-128.143744588999994
316,Foggy Mid 48, , ,48,5722562.065999999642372,559237.196099999942817, ,51.650931020900003,-128.143756255999989
317,Foggy Mid 49,WB,Mid,End,5722561.661000000312924,559236.655900000012480, ,51.650927436700002,-128.143764132000001
318,Foggy High 0,WB,High,Start,5722571.036000000312924,559288.095800000010058, ,51.651006299700001,-128.143019094000010
319,Foggy High 1, , ,1,5722570.271999999880791,559287.451099999947473, ,51.650999498899999,-128.143028541999996
320,Foggy High 2, , ,2,5722569.507000000216067,559286.806400000001304, ,51.650992689200002,-128.143037988999993
321,Foggy High 3, , ,3,5722568.742999999783933,559286.161800000001676, ,51.650985888500003,-128.143047435000000
322,Foggy High 4, , ,4,5722567.979000000283122,559285.517100000055507, ,51.650979087700001,-128.143056881999996
323,Foggy High 5, , ,5,5722567.213999999687076,559284.872399999992922, ,51.650972277999998,-128.143066328999993
324,Foggy High 6, , ,6,5722566.450000000186265,559284.227700000046752, ,51.650965477200003,-128.143075777000007
325,Foggy High 7, , ,7,5722565.684999999590218,559283.582999999984168, ,51.650958667499999,-128.143085224000004
326,Foggy High 8, , ,8,5722564.921000000089407,559282.938300000037998, ,51.650951866800000,-128.143094671000000
327,Foggy High 9, , ,9,5722564.156000000424683,559282.293700000038370, ,51.650945057000001,-128.143104117000007
328,Foggy High 10, , ,10,5722563.391999999992549,559281.648999999975786, ,51.650938256300002,-128.143113564000004
329,Foggy High 11, , ,11,5722562.627000000327826,559281.004300000029616, ,51.650931446500003,-128.143123011999990
330,Foggy High 12, , ,12,5722561.862999999895692,559280.359599999967031, ,51.650924645800004,-128.143132458999986
331,Foggy High 13, , ,13,5722561.099000000394881,559279.714900000020862, ,51.650917845000002,-128.143141906000011
332,Foggy High 14, , ,14,5722560.333999999798834,559279.070300000021234, ,51.650911035299998,-128.143151351999990
333,Foggy High 15, , ,15,5722559.570000000298023,559278.425599999958649, ,51.650904234499997,-128.143160798999986
334,Foggy High 16, , ,16,5722558.804999999701977,559277.780900000012480, ,51.650897424800000,-128.143170247000000
335,Foggy High 17, , ,17,5722558.041000000201166,559277.136199999949895, ,51.650890623999999,-128.143179693999997
336,Foggy High 18, , ,18,5722557.275999999605119,559276.491500000003725, ,51.650883814300002,-128.143189140999993
337,Foggy High 19, , ,19,5722556.512000000104308,559275.846800000057556, ,51.650877013500001,-128.143198587999990
338,Foggy High 20, , ,20,5722555.747000000439584,559275.202200000057928, ,51.650870203799997,-128.143208033999997
339,Foggy High 21, , ,21,5722554.983000000007451,559274.557499999995343, ,51.650863403000002,-128.143217482000011
340,Foggy High 22, , ,22,5722554.218000000342727,559273.912800000049174, ,51.650856593299999,-128.143226929000008
341,Foggy High 23, , ,23,5722553.453999999910593,559273.268099999986589, ,51.650849792499997,-128.143236376000004
342,Foggy High 24, , ,24,5722552.690000000409782,559272.623400000040419, ,51.650842991799998,-128.143245823000001
343,Foggy High 25, , ,25,5722551.924999999813735,559271.978699999977835, ,51.650836181999999,-128.143255270999987
344,Foggy High 26, , ,26,5722551.161000000312924,559271.334099999978207, ,51.650829381299999,-128.143264716000004
345,Foggy High 27, , ,27,5722550.395999999716878,559270.689400000032037, ,51.650822571500001,-128.143274163999990
346,Foggy High 28, , ,28,5722549.632000000216067,559270.044699999969453, ,51.650815770700000,-128.143283610999987
347,Foggy High 29, , ,29,5722548.866999999620020,559269.400000000023283, ,51.650808961000003,-128.143293058000012
348,Foggy High 30, , ,30,5722548.103000000119209,559268.755299999960698, ,51.650802160200001,-128.143302505000008
349,Foggy High 31, , ,31,5722547.338000000454485,559268.110600000014529, ,51.650795350499997,-128.143311952999994
350,Foggy High 32, , ,32,5722546.574000000022352,559267.466000000014901, ,51.650788549700003,-128.143321398000012
351,Foggy High 33, , ,33,5722545.809999999590218,559266.821299999952316, ,51.650781748900002,-128.143330845000008
352,Foggy High 34, , ,34,5722545.044999999925494,559266.176600000006147, ,51.650774939199998,-128.143340292999994
353,Foggy High 35, , ,35,5722544.281000000424683,559265.531899999943562, ,51.650768138399997,-128.143349739999991
354,Foggy High 36, , ,36,5722543.515999999828637,559264.887199999997392, ,51.650761328700000,-128.143359186999987
355,Foggy High 37, , ,37,5722542.752000000327826,559264.242500000051223, ,51.650754527899998,-128.143368634000012
356,Foggy High 38, , ,38,5722541.986999999731779,559263.597900000051595, ,51.650747718100000,-128.143378079999991
357,Foggy High 39, , ,39,5722541.223000000230968,559262.953199999989010, ,51.650740917400000,-128.143387526999987
358,Foggy High 40, , ,40,5722540.457999999634922,559262.308500000042841, ,51.650734107600002,-128.143396975000002
359,Foggy High 41, , ,41,5722539.694000000134110,559261.663799999980256, ,51.650727306800000,-128.143406421999998
360,Foggy High 42, , ,42,5722538.928999999538064,559261.019100000034086, ,51.650720497099996,-128.143415868999995
361,Foggy High 43, , ,43,5722538.165000000037253,559260.374399999971502, ,51.650713696300002,-128.143425315999991
362,Foggy High 45,WB,High,End,5722537.279000000096858,559259.627100000041537, ,51.650705809500003,-128.143436266999998