ID,Site,Transect,StartEnd,UTMn,UTMe,Note,FID,Shape *,ID,Site,Transect,StartEnd,UTMn,UTMe,Note,SLOPE DEGREES
nb_martone_high_0,NB,High,Start,5724176.248,559817.7193,Called high1 in the table,0,Point,nb_martone_high_0,NB,High,Start,5724176.248,559817.7193,Called high1 in the table,12.742974
nb_martone_high_1,,,1,5724177.209,559817.4411,,1,Point,nb_martone_high_1, , ,1,5724177.209,559817.4411, ,19.612268
nb_martone_high_2,,,2,5724178.169,559817.1628,,2,Point,nb_martone_high_2, , ,2,5724178.169,559817.1628, ,22.28392
nb_martone_high_3,,,3,5724179.13,559816.8846,,3,Point,nb_martone_high_3, , ,3,5724179.13,559816.8846, ,9.939987
nb_martone_high_4,,,4,5724180.09,559816.6064,,4,Point,nb_martone_high_4, , ,4,5724180.09,559816.6064, ,7.267166
nb_martone_high_5,,,5,5724181.051,559816.3281,,5,Point,nb_martone_high_5, , ,5,5724181.051,559816.3281, ,17.897928
nb_martone_high_6,,,6,5724182.011,559816.0499,,6,Point,nb_martone_high_6, , ,6,5724182.011,559816.0499, ,75.894775
nb_martone_high_7,,,7,5724182.972,559815.7716,,7,Point,nb_martone_high_7, , ,7,5724182.972,559815.7716, ,86.666267
nb_martone_high_8,,,8,5724183.932,559815.4934,,8,Point,nb_martone_high_8, , ,8,5724183.932,559815.4934, ,48.720276
nb_martone_high_9,,,9,5724184.893,559815.2152,,9,Point,nb_martone_high_9, , ,9,5724184.893,559815.2152, ,8.706285
nb_martone_high_10,,,10,5724185.853,559814.9369,,10,Point,nb_martone_high_10, , ,10,5724185.853,559814.9369, ,57.426449
nb_martone_high_11,,,11,5724186.814,559814.6587,,11,Point,nb_martone_high_11, , ,11,5724186.814,559814.6587, ,34.055286
nb_martone_high_12,,,12,5724187.774,559814.3805,,12,Point,nb_martone_high_12, , ,12,5724187.774,559814.3805, ,69.678932
nb_martone_high_13,,,13,5724188.735,559814.1022,,13,Point,nb_martone_high_13, , ,13,5724188.735,559814.1022, ,43.196594
nb_martone_high_14,,,14,5724189.695,559813.824,,14,Point,nb_martone_high_14, , ,14,5724189.695,559813.824, ,46.757465
nb_martone_high_15,,,15,5724190.656,559813.5457,,15,Point,nb_martone_high_15, , ,15,5724190.656,559813.5457, ,13.737219
nb_martone_high_16,,,16,5724191.616,559813.2675,,16,Point,nb_martone_high_16, , ,16,5724191.616,559813.2675, ,3.938349
nb_martone_high_17,,,17,5724192.577,559812.9893,,17,Point,nb_martone_high_17, , ,17,5724192.577,559812.9893, ,25.52437
nb_martone_high_18,,,18,5724193.537,559812.711,,18,Point,nb_martone_high_18, , ,18,5724193.537,559812.711, ,29.915922
nb_martone_high_19,,,19,5724194.498,559812.4328,,19,Point,nb_martone_high_19, , ,19,5724194.498,559812.4328, ,38.355747
nb_martone_high_20,,,20,5724195.458,559812.1546,,20,Point,nb_martone_high_20, , ,20,5724195.458,559812.1546, ,12.706995
nb_martone_high_21,,,21,5724196.419,559811.8763,,21,Point,nb_martone_high_21, , ,21,5724196.419,559811.8763, ,50.106182
nb_martone_high_22,,,22,5724197.379,559811.5981,,22,Point,nb_martone_high_22, , ,22,5724197.379,559811.5981, ,18.706274
nb_martone_high_23,,,23,5724198.34,559811.3198,,23,Point,nb_martone_high_23, , ,23,5724198.34,559811.3198, ,63.989918
nb_martone_high3,NB,High,End,5724199.388,559811.0162,End happens to be called high3,24,Point,nb_martone_high3,NB,High,End,5724199.388,559811.0162,End happens to be called high3,13.206356
nb_martone_mid_0,NB,Mid,Start,5724176.247,559807.3969,Called Mid1 in table,25,Point,nb_martone_mid_0,NB,Mid,Start,5724176.247,559807.3969,Called Mid1 in table,7.872806
nb_martone_mid_1,,,1,5724177.247,559807.4235,,26,Point,nb_martone_mid_1, , ,1,5724177.247,559807.4235, ,31.74584
nb_martone_mid_2,,,2,5724178.246,559807.4501,,27,Point,nb_martone_mid_2, , ,2,5724178.246,559807.4501, ,2.644929
nb_martone_mid_3,,,3,5724179.246,559807.4768,,28,Point,nb_martone_mid_3, , ,3,5724179.246,559807.4768, ,19.263649
nb_martone_mid_4,,,4,5724180.246,559807.5034,,29,Point,nb_martone_mid_4, , ,4,5724180.246,559807.5034, ,49.588322
nb_martone_mid_5,,,5,5724181.245,559807.53,,30,Point,nb_martone_mid_5, , ,5,5724181.245,559807.53, ,21.29483
nb_martone_mid_6,,,6,5724182.245,559807.5566,,31,Point,nb_martone_mid_6, , ,6,5724182.245,559807.5566, ,23.933527
nb_martone_mid_7,,,7,5724183.245,559807.5833,,32,Point,nb_martone_mid_7, , ,7,5724183.245,559807.5833, ,23.694477
nb_martone_mid_8,,,8,5724184.244,559807.6099,,33,Point,nb_martone_mid_8, , ,8,5724184.244,559807.6099, ,35.125927
nb_martone_mid_9,,,9,5724185.244,559807.6365,,34,Point,nb_martone_mid_9, , ,9,5724185.244,559807.6365, ,22.082691
nb_martone_mid_10,,,10,5724186.243,559807.6631,,35,Point,nb_martone_mid_10, , ,10,5724186.243,559807.6631, ,11.241997
nb_martone_mid_11,,,11,5724187.243,559807.6898,,36,Point,nb_martone_mid_11, , ,11,5724187.243,559807.6898, ,9.654313
nb_martone_mid_12,,,12,5724188.243,559807.7164,,37,Point,nb_martone_mid_12, , ,12,5724188.243,559807.7164, ,3.739439
nb_martone_mid_13,,,13,5724189.242,559807.743,,38,Point,nb_martone_mid_13, , ,13,5724189.242,559807.743, ,45.666798
nb_martone_mid_14,,,14,5724190.242,559807.7696,,39,Point,nb_martone_mid_14, , ,14,5724190.242,559807.7696, ,40.689545
nb_martone_mid_15,,,15,5724191.242,559807.7962,,40,Point,nb_martone_mid_15, , ,15,5724191.242,559807.7962, ,3.009096
nb_martone_mid_16,,,16,5724192.241,559807.8229,,41,Point,nb_martone_mid_16, , ,16,5724192.241,559807.8229, ,25.790337
nb_martone_mid_17,,,17,5724193.241,559807.8495,,42,Point,nb_martone_mid_17, , ,17,5724193.241,559807.8495, ,5.862915
nb_martone_mid_18,,,18,5724194.241,559807.8761,,43,Point,nb_martone_mid_18, , ,18,5724194.241,559807.8761, ,9.729287
nb_martone_mid_19,,,19,5724195.24,559807.9027,,44,Point,nb_martone_mid_19, , ,19,5724195.24,559807.9027, ,11.26792
nb_martone_mid_20,,,20,5724196.24,559807.9294,,45,Point,nb_martone_mid_20, , ,20,5724196.24,559807.9294, ,30.633509
nb_martone_mid_21,,,21,5724197.24,559807.956,,46,Point,nb_martone_mid_21, , ,21,5724197.24,559807.956, ,37.68903
nb_martone_mid_22,,,22,5724198.239,559807.9826,,47,Point,nb_martone_mid_22, , ,22,5724198.239,559807.9826, ,2.554783
nb_martone_mid_23,,,23,5724199.239,559808.0092,,48,Point,nb_martone_mid_23, , ,23,5724199.239,559808.0092, ,50.846729
nb_martone_mid_24,NB,Mid,End,5724200.657,559808.047,Called Mid3 in table,49,Point,nb_martone_mid_24,NB,Mid,End,5724200.657,559808.047,Called Mid3 in table,20.504719
nb_martone_low_0,NB,Low,Start,5724176.666,559803.3493,Called Low0 in the table,50,Point,nb_martone_low_0,NB,Low,Start,5724176.666,559803.3493,Called Low0 in the table,34.186756
nb_martone_low_1,,,1,5724177.666,559803.3359,,51,Point,nb_martone_low_1, , ,1,5724177.666,559803.3359, ,25.452784
nb_martone_low_2,,,2,5724178.666,559803.3226,,52,Point,nb_martone_low_2, , ,2,5724178.666,559803.3226, ,15.212324
nb_martone_low_3,,,3,5724179.666,559803.3092,,53,Point,nb_martone_low_3, , ,3,5724179.666,559803.3092, ,16.780968
nb_martone_low_4,,,4,5724180.666,559803.2958,,54,Point,nb_martone_low_4, , ,4,5724180.666,559803.2958, ,12.856484
nb_martone_low_5,,,5,5724181.666,559803.2825,,55,Point,nb_martone_low_5, , ,5,5724181.666,559803.2825, ,35.784767
nb_martone_low_6,,,6,5724182.665,559803.2691,,56,Point,nb_martone_low_6, , ,6,5724182.665,559803.2691, ,22.428352
nb_martone_low_7,,,7,5724183.665,559803.2557,,57,Point,nb_martone_low_7, , ,7,5724183.665,559803.2557, ,21.107359
nb_martone_low_8,,,8,5724184.665,559803.2423,,58,Point,nb_martone_low_8, , ,8,5724184.665,559803.2423, ,21.28376
nb_martone_low_9,,,9,5724185.665,559803.229,,59,Point,nb_martone_low_9, , ,9,5724185.665,559803.229, ,25.528067
nb_martone_low_10,,,10,5724186.665,559803.2156,,60,Point,nb_martone_low_10, , ,10,5724186.665,559803.2156, ,2.51651
nb_martone_low_11,,,11,5724187.665,559803.2022,,61,Point,nb_martone_low_11, , ,11,5724187.665,559803.2022, ,10.07585
nb_martone_low_12,,,12,5724188.665,559803.1889,,62,Point,nb_martone_low_12, , ,12,5724188.665,559803.1889, ,12.110739
nb_martone_low_13,,,13,5724189.665,559803.1755,,63,Point,nb_martone_low_13, , ,13,5724189.665,559803.1755, ,17.226673
nb_martone_low_14,,,14,5724190.665,559803.1621,,64,Point,nb_martone_low_14, , ,14,5724190.665,559803.1621, ,25.678965
nb_martone_low_15,,,15,5724191.665,559803.1488,,65,Point,nb_martone_low_15, , ,15,5724191.665,559803.1488, ,33.680443
nb_martone_low_16,,,16,5724192.665,559803.1354,,66,Point,nb_martone_low_16, , ,16,5724192.665,559803.1354, ,25.671364
nb_martone_low_17,,,17,5724193.664,559803.122,,67,Point,nb_martone_low_17, , ,17,5724193.664,559803.122, ,9.770872
nb_martone_low_18,,,18,5724194.664,559803.1086,,68,Point,nb_martone_low_18, , ,18,5724194.664,559803.1086, ,19.248981
nb_martone_low_19,,,19,5724195.664,559803.0953,,69,Point,nb_martone_low_19, , ,19,5724195.664,559803.0953, ,3.635121
nb_martone_low_20,,,20,5724196.664,559803.0819,,70,Point,nb_martone_low_20, , ,20,5724196.664,559803.0819, ,9.961629
nb_martone_low_21,,,21,5724197.664,559803.0685,,71,Point,nb_martone_low_21, , ,21,5724197.664,559803.0685, ,24.921761
nb_martone_low_22,,,22,5724198.664,559803.0552,,72,Point,nb_martone_low_22, , ,22,5724198.664,559803.0552, ,54.403522
nb_martone_low_23,NB,Low,End,5724199.275,559803.047,Called low3 in the table,73,Point,nb_martone_low_23,NB,Low,End,5724199.275,559803.047,Called low3 in the table,44.479984
5th_high0,5B,High,Start,5721424.733,558365.2417,,0,Point,5th_high0,5B,High,Start,5721424.733,558365.2417, ,1.034946
5th_high1,,,1,5721424.229,558364.3779,,1,Point,5th_high1, , ,1,5721424.229,558364.3779, ,14.895473
5th_high2,,,2,5721423.725,558363.5142,,2,Point,5th_high2, , ,2,5721423.725,558363.5142, ,29.371613
5th_high3,,,3,5721423.221,558362.6504,,3,Point,5th_high3, , ,3,5721423.221,558362.6504, ,17.635357
5th_high4,,,4,5721422.717,558361.7866,,4,Point,5th_high4, , ,4,5721422.717,558361.7866, ,53.250118
5th_high5,,,5,5721422.214,558360.9229,,5,Point,5th_high5, , ,5,5721422.214,558360.9229, ,50.189049
5th_high6,,,6,5721421.71,558360.0591,,6,Point,5th_high6, , ,6,5721421.71,558360.0591, ,58.120583
5th_high7,,,7,5721421.206,558359.1953,,7,Point,5th_high7, , ,7,5721421.206,558359.1953, ,41.406399
5th_high8,,,8,5721420.702,558358.3316,,8,Point,5th_high8, , ,8,5721420.702,558358.3316, ,17.19721
5th_high9,,,9,5721420.198,558357.4678,,9,Point,5th_high9, , ,9,5721420.198,558357.4678, ,66.873474
5th_high10,,,10,5721419.694,558356.604,,10,Point,5th_high10, , ,10,5721419.694,558356.604, ,58.954189
5th_high11,,,11,5721419.19,558355.7403,,11,Point,5th_high11, , ,11,5721419.19,558355.7403, ,36.09639
5th_high12,,,12,5721418.686,558354.8765,,12,Point,5th_high12, , ,12,5721418.686,558354.8765, ,50.192814
5th_high13,,,13,5721418.182,558354.0127,,13,Point,5th_high13, , ,13,5721418.182,558354.0127, ,10.246593
5th_high14,,,14,5721417.679,558353.149,,14,Point,5th_high14, , ,14,5721417.679,558353.149, ,86.428658
5th_high15,,,15,5721417.175,558352.2852,,15,Point,5th_high15, , ,15,5721417.175,558352.2852, ,54.747314
5th_high16,,,16,5721416.671,558351.4214,,16,Point,5th_high16, , ,16,5721416.671,558351.4214, ,25.860912
5th_high17,,,17,5721416.167,558350.5577,,17,Point,5th_high17, , ,17,5721416.167,558350.5577, ,16.457472
5th_high18,,,18,5721415.663,558349.6939,,18,Point,5th_high18, , ,18,5721415.663,558349.6939, ,27.61405
5th_high19,,,19,5721415.159,558348.8301,,19,Point,5th_high19, , ,19,5721415.159,558348.8301, ,35.75943
5th_high20,,,20,5721414.655,558347.9664,,20,Point,5th_high20, , ,20,5721414.655,558347.9664, ,30.660316
5th_high21,,,21,5721414.151,558347.1026,,21,Point,5th_high21, , ,21,5721414.151,558347.1026, ,36.058132
5th_high22,,,22,5721413.647,558346.2388,,22,Point,5th_high22, , ,22,5721413.647,558346.2388, ,15.600052
5th_high23,,,23,5721413.143,558345.3751,,23,Point,5th_high23, , ,23,5721413.143,558345.3751, ,15.780977
5th_high24,,,24,5721412.64,558344.5113,,24,Point,5th_high24, , ,24,5721412.64,558344.5113, ,40.123245
5th_high25,,,25,5721412.136,558343.6475,,25,Point,5th_high25, , ,25,5721412.136,558343.6475, ,18.333088
5th_high26,,,26,5721411.632,558342.7838,,26,Point,5th_high26, , ,26,5721411.632,558342.7838, ,8.916736
5th_high27,,,27,5721411.128,558341.92,,27,Point,5th_high27, , ,27,5721411.128,558341.92, ,2.781652
5th_high28,,,28,5721410.624,558341.0562,,28,Point,5th_high28, , ,28,5721410.624,558341.0562, ,11.115026
5th_high30,5B,High,End,5721409.987,558339.9643,,29,Point,5th_high30,5B,High,End,5721409.987,558339.9643, ,13.043468
5th_mid0,5B,Mid,Start,5721426.757,558361.8463,,30,Point,5th_mid0,5B,Mid,Start,5721426.757,558361.8463, ,2.84238
5th_mid1,,,1,5721426.39,558360.9162,,31,Point,5th_mid1, , ,1,5721426.39,558360.9162, ,15.450023
5th_mid2,,,2,5721426.022,558359.9861,,32,Point,5th_mid2, , ,2,5721426.022,558359.9861, ,28.948036
5th_mid3,,,3,5721425.655,558359.0561,,33,Point,5th_mid3, , ,3,5721425.655,558359.0561, ,48.734943
5th_mid4,,,4,5721425.288,558358.126,,34,Point,5th_mid4, , ,4,5721425.288,558358.126, ,28.724054
5th_mid5,,,5,5721424.92,558357.1959,,35,Point,5th_mid5, , ,5,5721424.92,558357.1959, ,27.940784
5th_mid6,,,6,5721424.553,558356.2658,,36,Point,5th_mid6, , ,6,5721424.553,558356.2658, ,7.746269
5th_mid7,,,7,5721424.186,558355.3357,,37,Point,5th_mid7, , ,7,5721424.186,558355.3357, ,52.567566
5th_mid8,,,8,5721423.818,558354.4056,,38,Point,5th_mid8, , ,8,5721423.818,558354.4056, ,11.749436
5th_mid9,,,9,5721423.451,558353.4756,,39,Point,5th_mid9, , ,9,5721423.451,558353.4756, ,5.798237
5th_mid10,,,10,5721423.083,558352.5455,,40,Point,5th_mid10, , ,10,5721423.083,558352.5455, ,3.587916
5th_mid11,,,11,5721422.716,558351.6154,,41,Point,5th_mid11, , ,11,5721422.716,558351.6154, ,9.963356
5th_mid12,,,12,5721422.349,558350.6853,,42,Point,5th_mid12, , ,12,5721422.349,558350.6853, ,17.38599
5th_mid13,,,13,5721421.981,558349.7552,,43,Point,5th_mid13, , ,13,5721421.981,558349.7552, ,37.307896
5th_mid14,,,14,5721421.614,558348.8252,,44,Point,5th_mid14, , ,14,5721421.614,558348.8252, ,51.999535
5th_mid15,,,15,5721421.247,558347.8951,,45,Point,5th_mid15, , ,15,5721421.247,558347.8951, ,0.159347
5th_mid16,,,16,5721420.879,558346.965,,46,Point,5th_mid16, , ,16,5721420.879,558346.965, ,16.999107
5th_mid17,,,17,5721420.512,558346.0349,,47,Point,5th_mid17, , ,17,5721420.512,558346.0349, ,19.771894
5th_mid18,,,18,5721420.145,558345.1048,,48,Point,5th_mid18, , ,18,5721420.145,558345.1048, ,6.652734
5th_mid19,,,19,5721419.777,558344.1748,,49,Point,5th_mid19, , ,19,5721419.777,558344.1748, ,21.938158
5th_mid20,,,20,5721419.41,558343.2447,,50,Point,5th_mid20, , ,20,5721419.41,558343.2447, ,9.483908
5th_mid21,,,21,5721419.043,558342.3146,,51,Point,5th_mid21, , ,21,5721419.043,558342.3146, ,31.05065
5th_mid22,,,22,5721418.675,558341.3845,,52,Point,5th_mid22, , ,22,5721418.675,558341.3845, ,12.029996
5th_mid23,,,23,5721418.308,558340.4544,,53,Point,5th_mid23, , ,23,5721418.308,558340.4544, ,57.761765
5th_mid24,,,24,5721417.941,558339.5243,,54,Point,5th_mid24, , ,24,5721417.941,558339.5243, ,7.759952
5th_mid25,,,25,5721417.573,558338.5943,,55,Point,5th_mid25, , ,25,5721417.573,558338.5943, ,31.186518
5th_mid30,5B,Mid,End,5721417.075,558337.333,,56,Point,5th_mid30,5B,Mid,End,5721417.075,558337.333, ,6.034304
5th_low0,5B,Low,Start,5721431.22,558358.3849,,57,Point,5th_low0,5B,Low,Start,5721431.22,558358.3849, ,6.920593
5th_low1,,,1,5721430.787,558357.4833,,58,Point,5th_low1, , ,1,5721430.787,558357.4833, ,22.871031
5th_low2,,,2,5721430.355,558356.5816,,59,Point,5th_low2, , ,2,5721430.355,558356.5816, ,0.768867
5th_low3,,,3,5721429.922,558355.68,,60,Point,5th_low3, , ,3,5721429.922,558355.68, ,14.676292
5th_low4,,,4,5721429.49,558354.7784,,61,Point,5th_low4, , ,4,5721429.49,558354.7784, ,12.505121
5th_low5,,,5,5721429.057,558353.8767,,62,Point,5th_low5, , ,5,5721429.057,558353.8767, ,5.15394
5th_low6,,,6,5721428.625,558352.9751,,63,Point,5th_low6, , ,6,5721428.625,558352.9751, ,1.623281
5th_low7,,,7,5721428.192,558352.0735,,64,Point,5th_low7, , ,7,5721428.192,558352.0735, ,9.076941
5th_low8,,,8,5721427.76,558351.1718,,65,Point,5th_low8, , ,8,5721427.76,558351.1718, ,4.779734
5th_low9,,,9,5721427.327,558350.2702,,66,Point,5th_low9, , ,9,5721427.327,558350.2702, ,55.516907
5th_low10,,,10,5721426.895,558349.3686,,67,Point,5th_low10, , ,10,5721426.895,558349.3686, ,64.639282
5th_low11,,,11,5721426.462,558348.4669,,68,Point,5th_low11, , ,11,5721426.462,558348.4669, ,25.479235
5th_low12,,,12,5721426.03,558347.5653,,69,Point,5th_low12, , ,12,5721426.03,558347.5653, ,19.589848
5th_low13,,,13,5721425.597,558346.6637,,70,Point,5th_low13, , ,13,5721425.597,558346.6637, ,9.305442
5th_low14,,,14,5721425.165,558345.7621,,71,Point,5th_low14, , ,14,5721425.165,558345.7621, ,66.173027
5th_low15,,,15,5721424.732,558344.8604,,72,Point,5th_low15, , ,15,5721424.732,558344.8604, ,24.525932
5th_low16,,,16,5721424.3,558343.9588,,73,Point,5th_low16, , ,16,5721424.3,558343.9588, ,13.858103
5th_low17,,,17,5721423.867,558343.0572,,74,Point,5th_low17, , ,17,5721423.867,558343.0572, ,39.294689
5th_low18,,,18,5721423.435,558342.1555,,75,Point,5th_low18, , ,18,5721423.435,558342.1555, ,10.966775
5th_low19,,,19,5721423.002,558341.2539,,76,Point,5th_low19, , ,19,5721423.002,558341.2539, ,15.771369
5th_low20,,,20,5721422.57,558340.3523,,77,Point,5th_low20, , ,20,5721422.57,558340.3523, ,37.188023
5th_low21,,,21,5721422.137,558339.4506,,78,Point,5th_low21, , ,21,5721422.137,558339.4506, ,76.885979
5th_low22,,,22,5721421.705,558338.549,,79,Point,5th_low22, , ,22,5721421.705,558338.549, ,49.072674
5th_low23,,,23,5721421.272,558337.6474,,80,Point,5th_low23, , ,23,5721421.272,558337.6474, ,18.843567
5th_low30,5B,Low,End,5721420.771,558336.6021,,81,Point,5th_low30,5B,Low,End,5721420.771,558336.6021, ,2.083981
Meay_Lower_0,MEAY,Low,Start,5723996.64,562442.613,Called Meay_Lower_1 in the table,,,,,,,,,,
Meay_Lower_1,,,1,5723995.653,562442.7739,,,,,,,,,,,
Meay_Lower_2,,,2,5723994.666,562442.9348,,,,,,,,,,,
Meay_Lower_3,,,3,5723993.679,562443.0957,,,,,,,,,,,
Meay_Lower_4,,,4,5723992.692,562443.2566,,,,,,,,,,,
Meay_Lower_5,,,5,5723991.705,562443.4175,,,,,,,,,,,
Meay_Lower_6,,,6,5723990.718,562443.5784,,,,,,,,,,,
Meay_Lower_7,,,7,5723989.731,562443.7393,,,,,,,,,,,
Meay_Lower_8,,,8,5723988.744,562443.9002,,,,,,,,,,,
Meay_Lower_9,,,9,5723987.757,562444.0611,,,,,,,,,,,
Meay_Lower_10,,,10,5723986.77,562444.222,,,,,,,,,,,
Meay_Lower_11,,,11,5723985.783,562444.3829,,,,,,,,,,,
Meay_Lower_12,,,12,5723984.796,562444.5438,,,,,,,,,,,
Meay_Lower_13,,,13,5723983.809,562444.7047,,,,,,,,,,,
Meay_Lower_14,,,14,5723982.822,562444.8656,,,,,,,,,,,
Meay_Lower_15,,,15,5723981.835,562445.0265,,,,,,,,,,,
Meay_Lower_16,,,16,5723980.848,562445.1874,,,,,,,,,,,
Meay_Lower_17,,,17,5723979.861,562445.3483,,,,,,,,,,,
Meay_Lower_18,,,18,5723978.875,562445.5092,,,,,,,,,,,
Meay_Lower_19,,,19,5723977.888,562445.6701,,,,,,,,,,,
Meay_Lower_20,,,20,5723976.901,562445.831,,,,,,,,,,,
Meay_Lower_21,,,21,5723975.914,562445.9919,,,,,,,,,,,
Meay_Lower_22,,,22,5723974.927,562446.1528,,,,,,,,,,,
Meay_Lower_23,,,23,5723973.94,562446.3137,,,,,,,,,,,
Meay_Lower_24,,,24,5723972.953,562446.4746,,,,,,,,,,,
Meay_Lower_25,,,25,5723971.966,562446.6355,,,,,,,,,,,
Meay_Lower_26,,,26,5723970.979,562446.7964,,,,,,,,,,,
Meay_Lower_27,,,27,5723969.992,562446.9573,,,,,,,,,,,
Meay_Lower_28,,,28,5723969.005,562447.1182,,,,,,,,,,,
Meay_Lower_29,,,29,5723968.018,562447.2791,,,,,,,,,,,
Meay_Lower_30,,,30,5723967.031,562447.44,,,,,,,,,,,
Meay_Lower_31,,,31,5723966.044,562447.6009,,,,,,,,,,,
Meay_Lower_32,,,32,5723965.057,562447.7618,,,,,,,,,,,
Meay_Lower_33,,,33,5723964.07,562447.9227,,,,,,,,,,,
Meay_Lower_34,,,34,5723963.083,562448.0836,,,,,,,,,,,
Meay_Lower_35,,,35,5723962.096,562448.2445,,,,,,,,,,,
Meay_Lower_36,,,36,5723961.109,562448.4054,,,,,,,,,,,
Meay_Lower_37,,,37,5723960.122,562448.5663,,,,,,,,,,,
Meay_Lower_38,,,38,5723959.135,562448.7272,,,,,,,,,,,
Meay_Lower_39,,,39,5723958.148,562448.8881,,,,,,,,,,,
Meay_Lower_40,,,40,5723957.161,562449.049,,,,,,,,,,,
Meay_Lower_41,,,41,5723956.174,562449.2099,,,,,,,,,,,
Meay_Lower_42,,,42,5723955.187,562449.3708,,,,,,,,,,,
Meay_Lower_43,,,43,5723954.2,562449.5317,,,,,,,,,,,
Meay_Lower_44,,,44,5723953.213,562449.6926,,,,,,,,,,,
Meay_Lower_45,,,45,5723952.226,562449.8535,,,,,,,,,,,
Meay_Lower_46,,,46,5723951.239,562450.0144,,,,,,,,,,,
Meay_Lower_47,MEAY,Low,End,5723949.88,562450.236,Called Lower_2,,,,,,,,,,
Meay_Mid_0,MEAY,Mid,Start,5723984.88,562429.798,Called Mid_1,,,,,,,,,,
Meay_Mid_1,,,1,5723983.904,562430.0173,,,,,,,,,,,
Meay_Mid_2,,,2,5723982.929,562430.2365,,,,,,,,,,,
Meay_Mid_3,,,3,5723981.953,562430.4558,,,,,,,,,,,
Meay_Mid_4,,,4,5723980.977,562430.6751,,,,,,,,,,,
Meay_Mid_5,,,5,5723980.002,562430.8943,,,,,,,,,,,
Meay_Mid_6,,,6,5723979.026,562431.1136,,,,,,,,,,,
Meay_Mid_7,,,7,5723978.05,562431.3329,,,,,,,,,,,
Meay_Mid_8,,,8,5723977.075,562431.5521,,,,,,,,,,,
Meay_Mid_9,,,9,5723976.099,562431.7714,,,,,,,,,,,
Meay_Mid_10,,,10,5723975.123,562431.9907,,,,,,,,,,,
Meay_Mid_11,,,11,5723974.148,562432.2099,,,,,,,,,,,
Meay_Mid_12,,,12,5723973.172,562432.4292,,,,,,,,,,,
Meay_Mid_13,,,13,5723972.196,562432.6485,,,,,,,,,,,
Meay_Mid_14,,,14,5723971.221,562432.8677,,,,,,,,,,,
Meay_Mid_15,,,15,5723970.245,562433.087,,,,,,,,,,,
Meay_Mid_16,,,16,5723969.269,562433.3063,,,,,,,,,,,
Meay_Mid_17,,,17,5723968.294,562433.5255,,,,,,,,,,,
Meay_Mid_18,,,18,5723967.318,562433.7448,,,,,,,,,,,
Meay_Mid_19,,,19,5723966.342,562433.9641,,,,,,,,,,,
Meay_Mid_20,,,20,5723965.367,562434.1833,,,,,,,,,,,
Meay_Mid_21,,,21,5723964.391,562434.4026,,,,,,,,,,,
Meay_Mid_22,,,22,5723963.415,562434.6219,,,,,,,,,,,
Meay_Mid_23,,,23,5723962.44,562434.8411,,,,,,,,,,,
Meay_Mid_24,,,24,5723961.464,562435.0604,,,,,,,,,,,
Meay_Mid_25,,,25,5723960.488,562435.2797,,,,,,,,,,,
Meay_Mid_26,,,26,5723959.513,562435.4989,,,,,,,,,,,
Meay_Mid_27,,,27,5723958.537,562435.7182,,,,,,,,,,,
Meay_Mid_28,,,28,5723957.561,562435.9375,,,,,,,,,,,
Meay_Mid_29,,,29,5723956.586,562436.1567,,,,,,,,,,,
Meay_Mid_30,,,30,5723955.61,562436.376,,,,,,,,,,,
Meay_Mid_31,,,31,5723954.634,562436.5953,,,,,,,,,,,
Meay_Mid_32,,,32,5723953.659,562436.8145,,,,,,,,,,,
Meay_Mid_33,,,33,5723952.683,562437.0338,,,,,,,,,,,
Meay_Mid_34,,,34,5723951.707,562437.2531,,,,,,,,,,,
Meay_Mid_35,,,35,5723950.732,562437.4723,,,,,,,,,,,
Meay_Mid_36,,,36,5723949.756,562437.6916,,,,,,,,,,,
Meay_Mid_37,,,37,5723948.78,562437.9109,,,,,,,,,,,
Meay_Mid_38,,,38,5723947.805,562438.1301,,,,,,,,,,,
Meay_High_0,MEAY,High,Start,5723979.58,562416.271,Called Meay_High_1,,,,,,,,,,
Meay_High_1,,,1,5723978.602,562416.4819,,,,,,,,,,,
Meay_High_2,,,2,5723977.625,562416.6928,,,,,,,,,,,
Meay_High_3,,,3,5723976.647,562416.9037,,,,,,,,,,,
Meay_High_4,,,4,5723975.67,562417.1146,,,,,,,,,,,
Meay_High_5,,,5,5723974.692,562417.3255,,,,,,,,,,,
Meay_High_6,,,6,5723973.715,562417.5364,,,,,,,,,,,
Meay_High_7,,,7,5723972.737,562417.7473,,,,,,,,,,,
Meay_High_8,,,8,5723971.76,562417.9582,,,,,,,,,,,
Meay_High_9,,,9,5723970.782,562418.1691,,,,,,,,,,,
Meay_High_10,,,10,5723969.805,562418.38,,,,,,,,,,,
Meay_High_11,,,11,5723968.827,562418.5909,,,,,,,,,,,
Meay_High_12,,,12,5723967.85,562418.8018,,,,,,,,,,,
Meay_High_13,,,13,5723966.872,562419.0127,,,,,,,,,,,
Meay_High_14,,,14,5723965.895,562419.2236,,,,,,,,,,,
Meay_High_15,,,15,5723964.917,562419.4345,,,,,,,,,,,
Meay_High_16,,,16,5723963.94,562419.6454,,,,,,,,,,,
Meay_High_17,,,17,5723962.962,562419.8563,,,,,,,,,,,
Meay_High_18,,,18,5723961.985,562420.0672,,,,,,,,,,,
Meay_High_19,,,19,5723961.007,562420.2781,,,,,,,,,,,
Meay_High_20,,,20,5723960.03,562420.489,,,,,,,,,,,
Meay_High_21,,,21,5723959.052,562420.6999,,,,,,,,,,,
Meay_High_22,,,22,5723958.075,562420.9108,,,,,,,,,,,
Meay_High_23,,,23,5723957.097,562421.1217,,,,,,,,,,,
Meay_High_24,,,24,5723956.12,562421.3326,,,,,,,,,,,
Meay_High_25,,,25,5723955.142,562421.5435,,,,,,,,,,,
Meay_High_26,,,26,5723954.165,562421.7544,,,,,,,,,,,
Meay_High_27,,,27,5723953.187,562421.9653,,,,,,,,,,,
Meay_High_28,,,28,5723952.21,562422.1762,,,,,,,,,,,
Meay_High_29,,,29,5723951.232,562422.3871,,,,,,,,,,,
Meay_High_30,,,30,5723950.255,562422.598,,,,,,,,,,,
Meay_High_31,,,31,5723949.277,562422.8089,,,,,,,,,,,
Meay_High_32,,,32,5723948.3,562423.0198,,,,,,,,,,,
Meay_High_33,,,33,5723947.322,562423.2307,,,,,,,,,,,
Meay_High_34,,,34,5723946.345,562423.4416,,,,,,,,,,,
Meay_High_35,,,35,5723945.367,562423.6525,,,,,,,,,,,
Meay_High_36,MEAY,High,End,5723944.03,562423.941,Was called Meay_High_2,,,,,,,,,,
Foggy Low 0,WB,Low,Start,5722602.173,559255.4621,,0,Point,Foggy Low 0,WB,Low,Start,5722602.173,559255.4621, ,14.78549
Foggy Low 1,,,1,5722601.574,559254.6613,,1,Point,Foggy Low 1, , ,1,5722601.574,559254.6613, ,15.331862
Foggy Low 2,,,2,5722600.975,559253.8604,,2,Point,Foggy Low 2, , ,2,5722600.975,559253.8604, ,2.463963
Foggy Low 3,,,3,5722600.376,559253.0595,,3,Point,Foggy Low 3, , ,3,5722600.376,559253.0595, ,5.640556
Foggy Low 4,,,4,5722599.777,559252.2586,,4,Point,Foggy Low 4, , ,4,5722599.777,559252.2586, ,9.456332
Foggy Low 5,,,5,5722599.178,559251.4578,,5,Point,Foggy Low 5, , ,5,5722599.178,559251.4578, ,2.10438
Foggy Low 6,,,6,5722598.58,559250.6569,,6,Point,Foggy Low 6, , ,6,5722598.58,559250.6569, ,15.460656
Foggy Low 7,,,7,5722597.981,559249.856,,7,Point,Foggy Low 7, , ,7,5722597.981,559249.856, ,5.906125
Foggy Low 8,,,8,5722597.382,559249.0552,,8,Point,Foggy Low 8, , ,8,5722597.382,559249.0552, ,20.801287
Foggy Low 9,,,9,5722596.783,559248.2543,,9,Point,Foggy Low 9, , ,9,5722596.783,559248.2543, ,31.40803
Foggy Low 10,,,10,5722596.184,559247.4534,,10,Point,Foggy Low 10, , ,10,5722596.184,559247.4534, ,19.827084
Foggy Low 11,,,11,5722595.585,559246.6525,,11,Point,Foggy Low 11, , ,11,5722595.585,559246.6525, ,10.984259
Foggy Low 12,,,12,5722594.987,559245.8517,,12,Point,Foggy Low 12, , ,12,5722594.987,559245.8517, ,6.680324
Foggy Low 13,,,13,5722594.388,559245.0508,,13,Point,Foggy Low 13, , ,13,5722594.388,559245.0508, ,29.765049
Foggy Low 14,,,14,5722593.789,559244.2499,,14,Point,Foggy Low 14, , ,14,5722593.789,559244.2499, ,16.162989
Foggy Low 15,,,15,5722593.19,559243.449,,15,Point,Foggy Low 15, , ,15,5722593.19,559243.449, ,14.031261
Foggy Low 16,,,16,5722592.591,559242.6482,,16,Point,Foggy Low 16, , ,16,5722592.591,559242.6482, ,8.380875
Foggy Low 17,,,17,5722591.992,559241.8473,,17,Point,Foggy Low 17, , ,17,5722591.992,559241.8473, ,2.82278
Foggy Low 18,,,18,5722591.393,559241.0464,,18,Point,Foggy Low 18, , ,18,5722591.393,559241.0464, ,1.348094
Foggy Low 19,,,19,5722590.795,559240.2456,,19,Point,Foggy Low 19, , ,19,5722590.795,559240.2456, ,1.575623
Foggy Low 20,,,20,5722590.196,559239.4447,,20,Point,Foggy Low 20, , ,20,5722590.196,559239.4447, ,5.136876
Foggy Low 21,,,21,5722589.597,559238.6438,,21,Point,Foggy Low 21, , ,21,5722589.597,559238.6438, ,2.247538
Foggy Low 22,,,22,5722588.998,559237.8429,,22,Point,Foggy Low 22, , ,22,5722588.998,559237.8429, ,5.831854
Foggy Low 23,,,23,5722588.399,559237.0421,,23,Point,Foggy Low 23, , ,23,5722588.399,559237.0421, ,5.583838
Foggy Low 24,,,24,5722587.8,559236.2412,,24,Point,Foggy Low 24, , ,24,5722587.8,559236.2412, ,33.212337
Foggy Low 25,,,25,5722587.202,559235.4403,,25,Point,Foggy Low 25, , ,25,5722587.202,559235.4403, ,4.386249
Foggy Low 26,,,26,5722586.603,559234.6394,,26,Point,Foggy Low 26, , ,26,5722586.603,559234.6394, ,20.675018
Foggy Low 27,,,27,5722586.004,559233.8386,,27,Point,Foggy Low 27, , ,27,5722586.004,559233.8386, ,28.303629
Foggy Low 28,,,28,5722585.405,559233.0377,,28,Point,Foggy Low 28, , ,28,5722585.405,559233.0377, ,47.378155
Foggy Low 29,,,29,5722584.806,559232.2368,,29,Point,Foggy Low 29, , ,29,5722584.806,559232.2368, ,3.168575
Foggy Low 30,,,30,5722584.207,559231.436,,30,Point,Foggy Low 30, , ,30,5722584.207,559231.436, ,35.292564
Foggy Low 31,,,31,5722583.609,559230.6351,,31,Point,Foggy Low 31, , ,31,5722583.609,559230.6351, ,6.592674
Foggy Low 32,,,32,5722583.01,559229.8342,,32,Point,Foggy Low 32, , ,32,5722583.01,559229.8342, ,7.762266
Foggy Low 33,,,33,5722582.411,559229.0333,,33,Point,Foggy Low 33, , ,33,5722582.411,559229.0333, ,13.750577
Foggy Low 34,,,34,5722581.812,559228.2325,,34,Point,Foggy Low 34, , ,34,5722581.812,559228.2325, ,0.232074
Foggy Low 35,,,35,5722581.213,559227.4316,,35,Point,Foggy Low 35, , ,35,5722581.213,559227.4316, ,10.190781
Foggy Low 36.5,WB,Low,End,5722580.629,559226.6504,,36,Point,Foggy Low 36.5,WB,Low,End,5722580.629,559226.6504, ,8.873991
Foggy Mid 0,WB,Mid,Start,5722590.849,559275.6088,,37,Point,Foggy Mid 0,WB,Mid,Start,5722590.849,559275.6088, ,61.675919
Foggy Mid 1,,,1,5722590.249,559274.8085,,38,Point,Foggy Mid 1, , ,1,5722590.249,559274.8085, ,48.077354
Foggy Mid 2,,,2,5722589.65,559274.0083,,39,Point,Foggy Mid 2, , ,2,5722589.65,559274.0083, ,5.299176
Foggy Mid 3,,,3,5722589.05,559273.208,,40,Point,Foggy Mid 3, , ,3,5722589.05,559273.208, ,6.786326
Foggy Mid 4,,,4,5722588.45,559272.4077,,41,Point,Foggy Mid 4, , ,4,5722588.45,559272.4077, ,1.431414
Foggy Mid 5,,,5,5722587.851,559271.6075,,42,Point,Foggy Mid 5, , ,5,5722587.851,559271.6075, ,66.722321
Foggy Mid 6,,,6,5722587.251,559270.8072,,43,Point,Foggy Mid 6, , ,6,5722587.251,559270.8072, ,1.951097
Foggy Mid 7,,,7,5722586.651,559270.0069,,44,Point,Foggy Mid 7, , ,7,5722586.651,559270.0069, ,58.505611
Foggy Mid 8,,,8,5722586.052,559269.2067,,45,Point,Foggy Mid 8, , ,8,5722586.052,559269.2067, ,19.443579
Foggy Mid 9,,,9,5722585.452,559268.4064,,46,Point,Foggy Mid 9, , ,9,5722585.452,559268.4064, ,44.98838
Foggy Mid 10,,,10,5722584.853,559267.6061,,47,Point,Foggy Mid 10, , ,10,5722584.853,559267.6061, ,38.59684
Foggy Mid 11,,,11,5722584.253,559266.8059,,48,Point,Foggy Mid 11, , ,11,5722584.253,559266.8059, ,13.758829
Foggy Mid 12,,,12,5722583.653,559266.0056,,49,Point,Foggy Mid 12, , ,12,5722583.653,559266.0056, ,21.609163
Foggy Mid 13,,,13,5722583.054,559265.2053,,50,Point,Foggy Mid 13, , ,13,5722583.054,559265.2053, ,39.129662
Foggy Mid 14,,,14,5722582.454,559264.4051,,51,Point,Foggy Mid 14, , ,14,5722582.454,559264.4051, ,12.244816
Foggy Mid 15,,,15,5722581.854,559263.6048,,52,Point,Foggy Mid 15, , ,15,5722581.854,559263.6048, ,15.544673
Foggy Mid 16,,,16,5722581.255,559262.8045,,53,Point,Foggy Mid 16, , ,16,5722581.255,559262.8045, ,9.557596
Foggy Mid 17,,,17,5722580.655,559262.0043,,54,Point,Foggy Mid 17, , ,17,5722580.655,559262.0043, ,16.454071
Foggy Mid 18,,,18,5722580.055,559261.204,,55,Point,Foggy Mid 18, , ,18,5722580.055,559261.204, ,16.962646
Foggy Mid 19,,,19,5722579.456,559260.4038,,56,Point,Foggy Mid 19, , ,19,5722579.456,559260.4038, ,6.06758
Foggy Mid 20,,,20,5722578.856,559259.6035,,57,Point,Foggy Mid 20, , ,20,5722578.856,559259.6035, ,14.648171
Foggy Mid 21,,,21,5722578.256,559258.8032,,58,Point,Foggy Mid 21, , ,21,5722578.256,559258.8032, ,10.006668
Foggy Mid 22,,,22,5722577.657,559258.003,,59,Point,Foggy Mid 22, , ,22,5722577.657,559258.003, ,5.494392
Foggy Mid 23,,,23,5722577.057,559257.2027,,60,Point,Foggy Mid 23, , ,23,5722577.057,559257.2027, ,9.741096
Foggy Mid 24,,,24,5722576.457,559256.4024,,61,Point,Foggy Mid 24, , ,24,5722576.457,559256.4024, ,1.49684
Foggy Mid 25,,,25,5722575.858,559255.6022,,62,Point,Foggy Mid 25, , ,25,5722575.858,559255.6022, ,1.088635
Foggy Mid 26,,,26,5722575.258,559254.8019,,63,Point,Foggy Mid 26, , ,26,5722575.258,559254.8019, ,41.032684
Foggy Mid 27,,,27,5722574.659,559254.0016,,64,Point,Foggy Mid 27, , ,27,5722574.659,559254.0016, ,15.835861
Foggy Mid 28,,,28,5722574.059,559253.2014,,65,Point,Foggy Mid 28, , ,28,5722574.059,559253.2014, ,56.893177
Foggy Mid 29,,,29,5722573.459,559252.4011,,66,Point,Foggy Mid 29, , ,29,5722573.459,559252.4011, ,55.284752
Foggy Mid 30,,,30,5722572.86,559251.6008,,67,Point,Foggy Mid 30, , ,30,5722572.86,559251.6008, ,1.556991
Foggy Mid 31,,,31,5722572.26,559250.8006,,68,Point,Foggy Mid 31, , ,31,5722572.26,559250.8006, ,13.644152
Foggy Mid 32,,,32,5722571.66,559250.0003,,69,Point,Foggy Mid 32, , ,32,5722571.66,559250.0003, ,8.769424
Foggy Mid 33,,,33,5722571.061,559249.2,,70,Point,Foggy Mid 33, , ,33,5722571.061,559249.2, ,7.250606
Foggy Mid 34,,,34,5722570.461,559248.3998,,71,Point,Foggy Mid 34, , ,34,5722570.461,559248.3998, ,15.374066
Foggy Mid 35,,,35,5722569.861,559247.5995,,72,Point,Foggy Mid 35, , ,35,5722569.861,559247.5995, ,15.343904
Foggy Mid 36,,,36,5722569.262,559246.7992,,73,Point,Foggy Mid 36, , ,36,5722569.262,559246.7992, ,1.015494
Foggy Mid 37,,,37,5722568.662,559245.999,,74,Point,Foggy Mid 37, , ,37,5722568.662,559245.999, ,27.463352
Foggy Mid 38,,,38,5722568.062,559245.1987,,75,Point,Foggy Mid 38, , ,38,5722568.062,559245.1987, ,4.72284
Foggy Mid 39,,,39,5722567.463,559244.3984,,76,Point,Foggy Mid 39, , ,39,5722567.463,559244.3984, ,15.435257
Foggy Mid 40,,,40,5722566.863,559243.5982,,77,Point,Foggy Mid 40, , ,40,5722566.863,559243.5982, ,4.708244
Foggy Mid 41,,,41,5722566.263,559242.7979,,78,Point,Foggy Mid 41, , ,41,5722566.263,559242.7979, ,27.4018
Foggy Mid 42,,,42,5722565.664,559241.9976,,79,Point,Foggy Mid 42, , ,42,5722565.664,559241.9976, ,50.541878
Foggy Mid 43,,,43,5722565.064,559241.1974,,80,Point,Foggy Mid 43, , ,43,5722565.064,559241.1974, ,20.099386
Foggy Mid 44,,,44,5722564.465,559240.3971,,81,Point,Foggy Mid 44, , ,44,5722564.465,559240.3971, ,41.147366
Foggy Mid 45,,,45,5722563.865,559239.5969,,82,Point,Foggy Mid 45, , ,45,5722563.865,559239.5969, ,4.506487
Foggy Mid 46,,,46,5722563.265,559238.7966,,83,Point,Foggy Mid 46, , ,46,5722563.265,559238.7966, ,13.953025
Foggy Mid 47,,,47,5722562.666,559237.9963,,84,Point,Foggy Mid 47, , ,47,5722562.666,559237.9963, ,19.988966
Foggy Mid 48,,,48,5722562.066,559237.1961,,85,Point,Foggy Mid 48, , ,48,5722562.066,559237.1961, ,5.717052
Foggy Mid 49,WB,Mid,End,5722561.661,559236.6559,,86,Point,Foggy Mid 49,WB,Mid,End,5722561.661,559236.6559, ,45.915703
Foggy High 0,WB,High,Start,5722571.036,559288.0958,,87,Point,Foggy High 0,WB,High,Start,5722571.036,559288.0958, ,19.035305
Foggy High 1,,,1,5722570.272,559287.4511,,88,Point,Foggy High 1, , ,1,5722570.272,559287.4511, ,58.938457
Foggy High 2,,,2,5722569.507,559286.8064,,89,Point,Foggy High 2, , ,2,5722569.507,559286.8064, ,8.280424
Foggy High 3,,,3,5722568.743,559286.1618,,90,Point,Foggy High 3, , ,3,5722568.743,559286.1618, ,12.960378
Foggy High 4,,,4,5722567.979,559285.5171,,91,Point,Foggy High 4, , ,4,5722567.979,559285.5171, ,15.102571
Foggy High 5,,,5,5722567.214,559284.8724,,92,Point,Foggy High 5, , ,5,5722567.214,559284.8724, ,60.645409
Foggy High 6,,,6,5722566.45,559284.2277,,93,Point,Foggy High 6, , ,6,5722566.45,559284.2277, ,49.686745
Foggy High 7,,,7,5722565.685,559283.583,,94,Point,Foggy High 7, , ,7,5722565.685,559283.583, ,5.103178
Foggy High 8,,,8,5722564.921,559282.9383,,95,Point,Foggy High 8, , ,8,5722564.921,559282.9383, ,38.350822
Foggy High 9,,,9,5722564.156,559282.2937,,96,Point,Foggy High 9, , ,9,5722564.156,559282.2937, ,32.938751
Foggy High 10,,,10,5722563.392,559281.649,,97,Point,Foggy High 10, , ,10,5722563.392,559281.649, ,39.401272
Foggy High 11,,,11,5722562.627,559281.0043,,98,Point,Foggy High 11, , ,11,5722562.627,559281.0043, ,3.439324
Foggy High 12,,,12,5722561.863,559280.3596,,99,Point,Foggy High 12, , ,12,5722561.863,559280.3596, ,21.367365
Foggy High 13,,,13,5722561.099,559279.7149,,100,Point,Foggy High 13, , ,13,5722561.099,559279.7149, ,51.172653
Foggy High 14,,,14,5722560.334,559279.0703,,101,Point,Foggy High 14, , ,14,5722560.334,559279.0703, ,18.781261
Foggy High 15,,,15,5722559.57,559278.4256,,102,Point,Foggy High 15, , ,15,5722559.57,559278.4256, ,21.437616
Foggy High 16,,,16,5722558.805,559277.7809,,103,Point,Foggy High 16, , ,16,5722558.805,559277.7809, ,14.420845
Foggy High 17,,,17,5722558.041,559277.1362,,104,Point,Foggy High 17, , ,17,5722558.041,559277.1362, ,0.882445
Foggy High 18,,,18,5722557.276,559276.4915,,105,Point,Foggy High 18, , ,18,5722557.276,559276.4915, ,26.936378
Foggy High 19,,,19,5722556.512,559275.8468,,106,Point,Foggy High 19, , ,19,5722556.512,559275.8468, ,13.782753
Foggy High 20,,,20,5722555.747,559275.2022,,107,Point,Foggy High 20, , ,20,5722555.747,559275.2022, ,24.726742
Foggy High 21,,,21,5722554.983,559274.5575,,108,Point,Foggy High 21, , ,21,5722554.983,559274.5575, ,7.778367
Foggy High 22,,,22,5722554.218,559273.9128,,109,Point,Foggy High 22, , ,22,5722554.218,559273.9128, ,52.559731
Foggy High 23,,,23,5722553.454,559273.2681,,110,Point,Foggy High 23, , ,23,5722553.454,559273.2681, ,9.632463
Foggy High 24,,,24,5722552.69,559272.6234,,111,Point,Foggy High 24, , ,24,5722552.69,559272.6234, ,1.811141
Foggy High 25,,,25,5722551.925,559271.9787,,112,Point,Foggy High 25, , ,25,5722551.925,559271.9787, ,17.880995
Foggy High 26,,,26,5722551.161,559271.3341,,113,Point,Foggy High 26, , ,26,5722551.161,559271.3341, ,6.56167
Foggy High 27,,,27,5722550.396,559270.6894,,114,Point,Foggy High 27, , ,27,5722550.396,559270.6894, ,30.33341
Foggy High 28,,,28,5722549.632,559270.0447,,115,Point,Foggy High 28, , ,28,5722549.632,559270.0447, ,45.173664
Foggy High 29,,,29,5722548.867,559269.4,,116,Point,Foggy High 29, , ,29,5722548.867,559269.4, ,47.399288
Foggy High 30,,,30,5722548.103,559268.7553,,117,Point,Foggy High 30, , ,30,5722548.103,559268.7553, ,25.846975
Foggy High 31,,,31,5722547.338,559268.1106,,118,Point,Foggy High 31, , ,31,5722547.338,559268.1106, ,16.332026
Foggy High 32,,,32,5722546.574,559267.466,,119,Point,Foggy High 32, , ,32,5722546.574,559267.466, ,13.335626
Foggy High 33,,,33,5722545.81,559266.8213,,120,Point,Foggy High 33, , ,33,5722545.81,559266.8213, ,26.91613
Foggy High 34,,,34,5722545.045,559266.1766,,121,Point,Foggy High 34, , ,34,5722545.045,559266.1766, ,46.444721
Foggy High 35,,,35,5722544.281,559265.5319,,122,Point,Foggy High 35, , ,35,5722544.281,559265.5319, ,47.59483
Foggy High 36,,,36,5722543.516,559264.8872,,123,Point,Foggy High 36, , ,36,5722543.516,559264.8872, ,3.475734
Foggy High 37,,,37,5722542.752,559264.2425,,124,Point,Foggy High 37, , ,37,5722542.752,559264.2425, ,3.644187
Foggy High 38,,,38,5722541.987,559263.5979,,125,Point,Foggy High 38, , ,38,5722541.987,559263.5979, ,29.638195
Foggy High 39,,,39,5722541.223,559262.9532,,126,Point,Foggy High 39, , ,39,5722541.223,559262.9532, ,3.619046
Foggy High 40,,,40,5722540.458,559262.3085,,127,Point,Foggy High 40, , ,40,5722540.458,559262.3085, ,12.713746
Foggy High 41,,,41,5722539.694,559261.6638,,128,Point,Foggy High 41, , ,41,5722539.694,559261.6638, ,18.332064
Foggy High 42,,,42,5722538.929,559261.0191,,129,Point,Foggy High 42, , ,42,5722538.929,559261.0191, ,22.299885
Foggy High 43,,,43,5722538.165,559260.3744,,130,Point,Foggy High 43, , ,43,5722538.165,559260.3744, ,53.592037
Foggy High 45,WB,High,End,5722537.279,559259.6271,,131,Point,Foggy High 45,WB,High,End,5722537.279,559259.6271, ,11.699533
