date,sea_surface_elevation
2017-05-10 00:00:00+00:00, 2.166171
2017-05-10 00:30:00+00:00, 1.876974
2017-05-10 01:00:00+00:00, 1.644737
2017-05-10 01:30:00+00:00, 1.486362
2017-05-10 02:00:00+00:00, 1.413907
2017-05-10 02:30:00+00:00, 1.433767
2017-05-10 03:00:00+00:00, 1.546223
2017-05-10 03:30:00+00:00, 1.745394
2017-05-10 04:00:00+00:00, 2.019582
2017-05-10 04:30:00+00:00, 2.352003
2017-05-10 05:00:00+00:00, 2.721855
2017-05-10 05:30:00+00:00, 3.105646
2017-05-10 06:00:00+00:00, 3.478707
2017-05-10 06:30:00+00:00, 3.816779
2017-05-10 07:00:00+00:00, 4.097590
2017-05-10 07:30:00+00:00, 4.302303
2017-05-10 08:00:00+00:00, 4.416746
2017-05-10 08:30:00+00:00, 4.432346
2017-05-10 09:00:00+00:00, 4.346707
2017-05-10 09:30:00+00:00, 4.163789
2017-05-10 10:00:00+00:00, 3.893679
2017-05-10 10:30:00+00:00, 3.551969
2017-05-10 11:00:00+00:00, 3.158773
2017-05-10 11:30:00+00:00, 2.737463
2017-05-10 12:00:00+00:00, 2.313186
2017-05-10 12:30:00+00:00, 1.911270
2017-05-10 13:00:00+00:00, 1.555616
2017-05-10 13:30:00+00:00, 1.267185
2017-05-10 14:00:00+00:00, 1.062671
2017-05-10 14:30:00+00:00, 0.953454
2017-05-10 15:00:00+00:00, 0.944893
2017-05-10 15:30:00+00:00, 1.036008
2017-05-10 16:00:00+00:00, 1.219568
2017-05-10 16:30:00+00:00, 1.482589
2017-05-10 17:00:00+00:00, 1.807197
2017-05-10 17:30:00+00:00, 2.171802
2017-05-10 18:00:00+00:00, 2.552515
2017-05-10 18:30:00+00:00, 2.924707
2017-05-10 19:00:00+00:00, 3.264609
2017-05-10 19:30:00+00:00, 3.550858
2017-05-10 20:00:00+00:00, 3.765872
2017-05-10 20:30:00+00:00, 3.896982
2017-05-10 21:00:00+00:00, 3.937237
2017-05-10 21:30:00+00:00, 3.885829
2017-05-10 22:00:00+00:00, 3.748123
2017-05-10 22:30:00+00:00, 3.535271
2017-05-10 23:00:00+00:00, 3.263453
2017-05-10 23:30:00+00:00, 2.952787
2017-05-11 00:00:00+00:00, 2.625981
2017-05-11 00:30:00+00:00, 2.306809
2017-05-11 01:00:00+00:00, 2.018530
2017-05-11 01:30:00+00:00, 1.782323
2017-05-11 02:00:00+00:00, 1.615877
2017-05-11 02:30:00+00:00, 1.532192
2017-05-11 03:00:00+00:00, 1.538702
2017-05-11 03:30:00+00:00, 1.636752
2017-05-11 04:00:00+00:00, 1.821482
2017-05-11 04:30:00+00:00, 2.082115
2017-05-11 05:00:00+00:00, 2.402638
2017-05-11 05:30:00+00:00, 2.762822
2017-05-11 06:00:00+00:00, 3.139530
2017-05-11 06:30:00+00:00, 3.508212
2017-05-11 07:00:00+00:00, 3.844504
2017-05-11 07:30:00+00:00, 4.125814
2017-05-11 08:00:00+00:00, 4.332800
2017-05-11 08:30:00+00:00, 4.450647
2017-05-11 09:00:00+00:00, 4.470043
2017-05-11 09:30:00+00:00, 4.387814
2017-05-11 10:00:00+00:00, 4.207154
2017-05-11 10:30:00+00:00, 3.937450
2017-05-11 11:00:00+00:00, 3.593708
2017-05-11 11:30:00+00:00, 3.195613
2017-05-11 12:00:00+00:00, 2.766289
2017-05-11 12:30:00+00:00, 2.330839
2017-05-11 13:00:00+00:00, 1.914757
2017-05-11 13:30:00+00:00, 1.542315
2017-05-11 14:00:00+00:00, 1.235031
2017-05-11 14:30:00+00:00, 1.010314
2017-05-11 15:00:00+00:00, 0.880383
2017-05-11 15:30:00+00:00, 0.851507
2017-05-11 16:00:00+00:00, 0.923647
2017-05-11 16:30:00+00:00, 1.090492
2017-05-11 17:00:00+00:00, 1.339906
2017-05-11 17:30:00+00:00, 1.654743
2017-05-11 18:00:00+00:00, 2.013987
2017-05-11 18:30:00+00:00, 2.394136
2017-05-11 19:00:00+00:00, 2.770738
2017-05-11 19:30:00+00:00, 3.119981
2017-05-11 20:00:00+00:00, 3.420238
2017-05-11 20:30:00+00:00, 3.653459
2017-05-11 21:00:00+00:00, 3.806317
2017-05-11 21:30:00+00:00, 3.871051
2017-05-11 22:00:00+00:00, 3.845926
2017-05-11 22:30:00+00:00, 3.735309
2017-05-11 23:00:00+00:00, 3.549330
2017-05-11 23:30:00+00:00, 3.303175
2017-05-12 00:00:00+00:00, 3.016036
2017-05-12 00:30:00+00:00, 2.709813
2017-05-12 01:00:00+00:00, 2.407623
2017-05-12 01:30:00+00:00, 2.132247
2017-05-12 02:00:00+00:00, 1.904589
2017-05-12 02:30:00+00:00, 1.742269
2017-05-12 03:00:00+00:00, 1.658425
2017-05-12 03:30:00+00:00, 1.660823
2017-05-12 04:00:00+00:00, 1.751312
2017-05-12 04:30:00+00:00, 1.925675
2017-05-12 05:00:00+00:00, 2.173880
2017-05-12 05:30:00+00:00, 2.480716
2017-05-12 06:00:00+00:00, 2.826769
2017-05-12 06:30:00+00:00, 3.189684
2017-05-12 07:00:00+00:00, 3.545613
2017-05-12 07:30:00+00:00, 3.870781
2017-05-12 08:00:00+00:00, 4.143033
2017-05-12 08:30:00+00:00, 4.343299
2017-05-12 09:00:00+00:00, 4.456847
2017-05-12 09:30:00+00:00, 4.474267
2017-05-12 10:00:00+00:00, 4.392113
2017-05-12 10:30:00+00:00, 4.213150
2017-05-12 11:00:00+00:00, 3.946214
2017-05-12 11:30:00+00:00, 3.605673
2017-05-12 12:00:00+00:00, 3.210532
2017-05-12 12:30:00+00:00, 2.783239
2017-05-12 13:00:00+00:00, 2.348277
2017-05-12 13:30:00+00:00, 1.930612
2017-05-12 14:00:00+00:00, 1.554129
2017-05-12 14:30:00+00:00, 1.240127
2017-05-12 15:00:00+00:00, 1.005989
2017-05-12 15:30:00+00:00, 0.864105
2017-05-12 16:00:00+00:00, 0.821119
2017-05-12 16:30:00+00:00, 0.877550
2017-05-12 17:00:00+00:00, 1.027801
2017-05-12 17:30:00+00:00, 1.260572
2017-05-12 18:00:00+00:00, 1.559625
2017-05-12 18:30:00+00:00, 1.904872
2017-05-12 19:00:00+00:00, 2.273703
2017-05-12 19:30:00+00:00, 2.642466
2017-05-12 20:00:00+00:00, 2.988008
2017-05-12 20:30:00+00:00, 3.289170
2017-05-12 21:00:00+00:00, 3.528143
2017-05-12 21:30:00+00:00, 3.691599
2017-05-12 22:00:00+00:00, 3.771516
2017-05-12 22:30:00+00:00, 3.765651
2017-05-12 23:00:00+00:00, 3.677633
2017-05-12 23:30:00+00:00, 3.516661
2017-05-13 00:00:00+00:00, 3.296844
2017-05-13 00:30:00+00:00, 3.036211
2017-05-13 01:00:00+00:00, 2.755472
2017-05-13 01:30:00+00:00, 2.476598
2017-05-13 02:00:00+00:00, 2.221331
2017-05-13 02:30:00+00:00, 2.009703
2017-05-13 03:00:00+00:00, 1.858679
2017-05-13 03:30:00+00:00, 1.781003
2017-05-13 04:00:00+00:00, 1.784322
2017-05-13 04:30:00+00:00, 1.870656
2017-05-13 05:00:00+00:00, 2.036235
2017-05-13 05:30:00+00:00, 2.271722
2017-05-13 06:00:00+00:00, 2.562811
2017-05-13 06:30:00+00:00, 2.891141
2017-05-13 07:00:00+00:00, 3.235495
2017-05-13 07:30:00+00:00, 3.573183
2017-05-13 08:00:00+00:00, 3.881522
2017-05-13 08:30:00+00:00, 4.139331
2017-05-13 09:00:00+00:00, 4.328320
2017-05-13 09:30:00+00:00, 4.434304
2017-05-13 10:00:00+00:00, 4.448148
2017-05-13 10:30:00+00:00, 4.366391
2017-05-13 11:00:00+00:00, 4.191499
2017-05-13 11:30:00+00:00, 3.931743
2017-05-13 12:00:00+00:00, 3.600701
2017-05-13 12:30:00+00:00, 3.216410
2017-05-13 13:00:00+00:00, 2.800249
2017-05-13 13:30:00+00:00, 2.375592
2017-05-13 14:00:00+00:00, 1.966347
2017-05-13 14:30:00+00:00, 1.595455
2017-05-13 15:00:00+00:00, 1.283457
2017-05-13 15:30:00+00:00, 1.047227
2017-05-13 16:00:00+00:00, 0.898925
2017-05-13 16:30:00+00:00, 0.845278
2017-05-13 17:00:00+00:00, 0.887193
2017-05-13 17:30:00+00:00, 1.019761
2017-05-13 18:00:00+00:00, 1.232614
2017-05-13 18:30:00+00:00, 1.510653
2017-05-13 19:00:00+00:00, 1.835054
2017-05-13 19:30:00+00:00, 2.184519
2017-05-13 20:00:00+00:00, 2.536669
2017-05-13 20:30:00+00:00, 2.869506
2017-05-13 21:00:00+00:00, 3.162822
2017-05-13 21:30:00+00:00, 3.399497
2017-05-13 22:00:00+00:00, 3.566571
2017-05-13 22:30:00+00:00, 3.656041
2017-05-13 23:00:00+00:00, 3.665329
2017-05-13 23:30:00+00:00, 3.597380
2017-05-14 00:00:00+00:00, 3.460406
2017-05-14 00:30:00+00:00, 3.267275
2017-05-14 01:00:00+00:00, 3.034597
2017-05-14 01:30:00+00:00, 2.781574
2017-05-14 02:00:00+00:00, 2.528670
2017-05-14 02:30:00+00:00, 2.296216
2017-05-14 03:00:00+00:00, 2.103019
2017-05-14 03:30:00+00:00, 1.965083
2017-05-14 04:00:00+00:00, 1.894514
2017-05-14 04:30:00+00:00, 1.898693
2017-05-14 05:00:00+00:00, 1.979754
2017-05-14 05:30:00+00:00, 2.134424
2017-05-14 06:00:00+00:00, 2.354212
2017-05-14 06:30:00+00:00, 2.625947
2017-05-14 07:00:00+00:00, 2.932628
2017-05-14 07:30:00+00:00, 3.254528
2017-05-14 08:00:00+00:00, 3.570482
2017-05-14 08:30:00+00:00, 3.859266
2017-05-14 09:00:00+00:00, 4.100995
2017-05-14 09:30:00+00:00, 4.278428
2017-05-14 10:00:00+00:00, 4.378109
2017-05-14 10:30:00+00:00, 4.391262
2017-05-14 11:00:00+00:00, 4.314394
2017-05-14 11:30:00+00:00, 4.149544
2017-05-14 12:00:00+00:00, 3.904192
2017-05-14 12:30:00+00:00, 3.590808
2017-05-14 13:00:00+00:00, 3.226088
2017-05-14 13:30:00+00:00, 2.829915
2017-05-14 14:00:00+00:00, 2.424122
2017-05-14 14:30:00+00:00, 2.031132
2017-05-14 15:00:00+00:00, 1.672561
2017-05-14 15:30:00+00:00, 1.367881
2017-05-14 16:00:00+00:00, 1.133223
2017-05-14 16:30:00+00:00, 0.980393
2017-05-14 17:00:00+00:00, 0.916175
2017-05-14 17:30:00+00:00, 0.941956
2017-05-14 18:00:00+00:00, 1.053693
2017-05-14 18:30:00+00:00, 1.242227
2017-05-14 19:00:00+00:00, 1.493928
2017-05-14 19:30:00+00:00, 1.791610
2017-05-14 20:00:00+00:00, 2.115676
2017-05-14 20:30:00+00:00, 2.445394
2017-05-14 21:00:00+00:00, 2.760251
2017-05-14 21:30:00+00:00, 3.041260
2017-05-14 22:00:00+00:00, 3.272175
2017-05-14 22:30:00+00:00, 3.440498
2017-05-14 23:00:00+00:00, 3.538241
2017-05-14 23:30:00+00:00, 3.562388
2017-05-15 00:00:00+00:00, 3.515016
2017-05-15 00:30:00+00:00, 3.403091
2017-05-15 01:00:00+00:00, 3.237937
2017-05-15 01:30:00+00:00, 3.034421
2017-05-15 02:00:00+00:00, 2.809911
2017-05-15 02:30:00+00:00, 2.583075
2017-05-15 03:00:00+00:00, 2.372596
2017-05-15 03:30:00+00:00, 2.195897
2017-05-15 04:00:00+00:00, 2.067954
2017-05-15 04:30:00+00:00, 2.000271
2017-05-15 05:00:00+00:00, 2.000097
2017-05-15 05:30:00+00:00, 2.069916
2017-05-15 06:00:00+00:00, 2.207265
2017-05-15 06:30:00+00:00, 2.404872
2017-05-15 07:00:00+00:00, 2.651117
2017-05-15 07:30:00+00:00, 2.930782
2017-05-15 08:00:00+00:00, 3.226030
2017-05-15 08:30:00+00:00, 3.517572
2017-05-15 09:00:00+00:00, 3.785919
2017-05-15 09:30:00+00:00, 4.012662
2017-05-15 10:00:00+00:00, 4.181673
2017-05-15 10:30:00+00:00, 4.280169
2017-05-15 11:00:00+00:00, 4.299561
2017-05-15 11:30:00+00:00, 4.236034
2017-05-15 12:00:00+00:00, 4.090821
2017-05-15 12:30:00+00:00, 3.870154
2017-05-15 13:00:00+00:00, 3.584900
2017-05-15 13:30:00+00:00, 3.249895
2017-05-15 14:00:00+00:00, 2.883034
2017-05-15 14:30:00+00:00, 2.504165
2017-05-15 15:00:00+00:00, 2.133861
2017-05-15 15:30:00+00:00, 1.792152
2017-05-15 16:00:00+00:00, 1.497293
2017-05-15 16:30:00+00:00, 1.264657
2017-05-15 17:00:00+00:00, 1.105803
2017-05-15 17:30:00+00:00, 1.027804
2017-05-15 18:00:00+00:00, 1.032851
2017-05-15 18:30:00+00:00, 1.118178
2017-05-15 19:00:00+00:00, 1.276291
2017-05-15 19:30:00+00:00, 1.495504
2017-05-15 20:00:00+00:00, 1.760728
2017-05-15 20:30:00+00:00, 2.054471
2017-05-15 21:00:00+00:00, 2.357981
2017-05-15 21:30:00+00:00, 2.652458
2017-05-15 22:00:00+00:00, 2.920249
2017-05-15 22:30:00+00:00, 3.145965
2017-05-15 23:00:00+00:00, 3.317430
2017-05-15 23:30:00+00:00, 3.426418
2017-05-16 00:00:00+00:00, 3.469122
2017-05-16 00:30:00+00:00, 3.446328
2017-05-16 01:00:00+00:00, 3.363294
2017-05-16 01:30:00+00:00, 3.229327
2017-05-16 02:00:00+00:00, 3.057110
2017-05-16 02:30:00+00:00, 2.861800
2017-05-16 03:00:00+00:00, 2.659980
2017-05-16 03:30:00+00:00, 2.468518
2017-05-16 04:00:00+00:00, 2.303416
2017-05-16 04:30:00+00:00, 2.178727
2017-05-16 05:00:00+00:00, 2.105596
2017-05-16 05:30:00+00:00, 2.091507
2017-05-16 06:00:00+00:00, 2.139769
2017-05-16 06:30:00+00:00, 2.249279
2017-05-16 07:00:00+00:00, 2.414582
2017-05-16 07:30:00+00:00, 2.626208
2017-05-16 08:00:00+00:00, 2.871282
2017-05-16 08:30:00+00:00, 3.134355
2017-05-16 09:00:00+00:00, 3.398400
2017-05-16 09:30:00+00:00, 3.645919
2017-05-16 10:00:00+00:00, 3.860080
2017-05-16 10:30:00+00:00, 4.025812
2017-05-16 11:00:00+00:00, 4.130787
2017-05-16 11:30:00+00:00, 4.166238
2017-05-16 12:00:00+00:00, 4.127534
2017-05-16 12:30:00+00:00, 4.014508
2017-05-16 13:00:00+00:00, 3.831494
2017-05-16 13:30:00+00:00, 3.587078
2017-05-16 14:00:00+00:00, 3.293584
2017-05-16 14:30:00+00:00, 2.966328
2017-05-16 15:00:00+00:00, 2.622679
2017-05-16 15:30:00+00:00, 2.280995
2017-05-16 16:00:00+00:00, 1.959507
2017-05-16 16:30:00+00:00, 1.675208
2017-05-16 17:00:00+00:00, 1.442829
2017-05-16 17:30:00+00:00, 1.273957
2017-05-16 18:00:00+00:00, 1.176365
2017-05-16 18:30:00+00:00, 1.153571
2017-05-16 19:00:00+00:00, 1.204675
2017-05-16 19:30:00+00:00, 1.324475
2017-05-16 20:00:00+00:00, 1.503839
2017-05-16 20:30:00+00:00, 1.730334
2017-05-16 21:00:00+00:00, 1.989043
2017-05-16 21:30:00+00:00, 2.263534
2017-05-16 22:00:00+00:00, 2.536915
2017-05-16 22:30:00+00:00, 2.792897
2017-05-16 23:00:00+00:00, 3.016815
2017-05-16 23:30:00+00:00, 3.196526
2017-05-17 00:00:00+00:00, 3.323135
2017-05-17 00:30:00+00:00, 3.391507
2017-05-17 01:00:00+00:00, 3.400530
2017-05-17 01:30:00+00:00, 3.353112
2017-05-17 02:00:00+00:00, 3.255922
2017-05-17 02:30:00+00:00, 3.118891
2017-05-17 03:00:00+00:00, 2.954500
2017-05-17 03:30:00+00:00, 2.776912
2017-05-17 04:00:00+00:00, 2.601010
2017-05-17 04:30:00+00:00, 2.441378
2017-05-17 05:00:00+00:00, 2.311326
2017-05-17 05:30:00+00:00, 2.221997
2017-05-17 06:00:00+00:00, 2.181618
2017-05-17 06:30:00+00:00, 2.194955
2017-05-17 07:00:00+00:00, 2.262982
2017-05-17 07:30:00+00:00, 2.382815
2017-05-17 08:00:00+00:00, 2.547887
2017-05-17 08:30:00+00:00, 2.748365
2017-05-17 09:00:00+00:00, 2.971782
2017-05-17 09:30:00+00:00, 3.203836
2017-05-17 10:00:00+00:00, 3.429311
2017-05-17 10:30:00+00:00, 3.633057
2017-05-17 11:00:00+00:00, 3.800967
2017-05-17 11:30:00+00:00, 3.920889
2017-05-17 12:00:00+00:00, 3.983414
2017-05-17 12:30:00+00:00, 3.982495
2017-05-17 13:00:00+00:00, 3.915848
2017-05-17 13:30:00+00:00, 3.785127
2017-05-17 14:00:00+00:00, 3.595841
2017-05-17 14:30:00+00:00, 3.357038
2017-05-17 15:00:00+00:00, 3.080767
2017-05-17 15:30:00+00:00, 2.781356
2017-05-17 16:00:00+00:00, 2.474545
2017-05-17 16:30:00+00:00, 2.176540
2017-05-17 17:00:00+00:00, 1.903039
2017-05-17 17:30:00+00:00, 1.668293
2017-05-17 18:00:00+00:00, 1.484262
2017-05-17 18:30:00+00:00, 1.359915
2017-05-17 19:00:00+00:00, 1.300718
2017-05-17 19:30:00+00:00, 1.308338
2017-05-17 20:00:00+00:00, 1.380592
2017-05-17 20:30:00+00:00, 1.511619
2017-05-17 21:00:00+00:00, 1.692288
2017-05-17 21:30:00+00:00, 1.910794
2017-05-17 22:00:00+00:00, 2.153417
2017-05-17 22:30:00+00:00, 2.405391
2017-05-17 23:00:00+00:00, 2.651823
2017-05-17 23:30:00+00:00, 2.878614
2017-05-18 00:00:00+00:00, 3.073311
2017-05-18 00:30:00+00:00, 3.225857
2017-05-18 01:00:00+00:00, 3.329168
2017-05-18 01:30:00+00:00, 3.379526
2017-05-18 02:00:00+00:00, 3.376751
2017-05-18 02:30:00+00:00, 3.324145
2017-05-18 03:00:00+00:00, 3.228224
2017-05-18 03:30:00+00:00, 3.098235
2017-05-18 04:00:00+00:00, 2.945520
2017-05-18 04:30:00+00:00, 2.782742
2017-05-18 05:00:00+00:00, 2.623033
2017-05-18 05:30:00+00:00, 2.479128
2017-05-18 06:00:00+00:00, 2.362525
2017-05-18 06:30:00+00:00, 2.282726
2017-05-18 07:00:00+00:00, 2.246625
2017-05-18 07:30:00+00:00, 2.258049
2017-05-18 08:00:00+00:00, 2.317513
2017-05-18 08:30:00+00:00, 2.422180
2017-05-18 09:00:00+00:00, 2.566039
2017-05-18 09:30:00+00:00, 2.740285
2017-05-18 10:00:00+00:00, 2.933883
2017-05-18 10:30:00+00:00, 3.134263
2017-05-18 11:00:00+00:00, 3.328127
2017-05-18 11:30:00+00:00, 3.502291
2017-05-18 12:00:00+00:00, 3.644530
2017-05-18 12:30:00+00:00, 3.744361
2017-05-18 13:00:00+00:00, 3.793718
2017-05-18 13:30:00+00:00, 3.787479
2017-05-18 14:00:00+00:00, 3.723814
2017-05-18 14:30:00+00:00, 3.604321
2017-05-18 15:00:00+00:00, 3.433962
2017-05-18 15:30:00+00:00, 3.220781
2017-05-18 16:00:00+00:00, 2.975443
2017-05-18 16:30:00+00:00, 2.710602
2017-05-18 17:00:00+00:00, 2.440157
2017-05-18 17:30:00+00:00, 2.178426
2017-05-18 18:00:00+00:00, 1.939295
2017-05-18 18:30:00+00:00, 1.735400
2017-05-18 19:00:00+00:00, 1.577377
2017-05-18 19:30:00+00:00, 1.473245
2017-05-18 20:00:00+00:00, 1.427943
2017-05-18 20:30:00+00:00, 1.443048
2017-05-18 21:00:00+00:00, 1.516713
2017-05-18 21:30:00+00:00, 1.643796
2017-05-18 22:00:00+00:00, 1.816191
2017-05-18 22:30:00+00:00, 2.023342
2017-05-18 23:00:00+00:00, 2.252892
2017-05-18 23:30:00+00:00, 2.491440
2017-05-19 00:00:00+00:00, 2.725357
2017-05-19 00:30:00+00:00, 2.941601
2017-05-19 01:00:00+00:00, 3.128501
2017-05-19 01:30:00+00:00, 3.276440
2017-05-19 02:00:00+00:00, 3.378408
2017-05-19 02:30:00+00:00, 3.430398
2017-05-19 03:00:00+00:00, 3.431604
2017-05-19 03:30:00+00:00, 3.384423
2017-05-19 04:00:00+00:00, 3.294264
2017-05-19 04:30:00+00:00, 3.169166
2017-05-19 05:00:00+00:00, 3.019257
2017-05-19 05:30:00+00:00, 2.856090
2017-05-19 06:00:00+00:00, 2.691889
2017-05-19 06:30:00+00:00, 2.538762
2017-05-19 07:00:00+00:00, 2.407926
2017-05-19 07:30:00+00:00, 2.308989
2017-05-19 08:00:00+00:00, 2.249334
2017-05-19 08:30:00+00:00, 2.233652
2017-05-19 09:00:00+00:00, 2.263639
2017-05-19 09:30:00+00:00, 2.337886
2017-05-19 10:00:00+00:00, 2.451961
2017-05-19 10:30:00+00:00, 2.598684
2017-05-19 11:00:00+00:00, 2.768581
2017-05-19 11:30:00+00:00, 2.950469
2017-05-19 12:00:00+00:00, 3.132165
2017-05-19 12:30:00+00:00, 3.301252
2017-05-19 13:00:00+00:00, 3.445868
2017-05-19 13:30:00+00:00, 3.555456
2017-05-19 14:00:00+00:00, 3.621450
2017-05-19 14:30:00+00:00, 3.637831
2017-05-19 15:00:00+00:00, 3.601531
2017-05-19 15:30:00+00:00, 3.512661
2017-05-19 16:00:00+00:00, 3.374540
2017-05-19 16:30:00+00:00, 3.193534
2017-05-19 17:00:00+00:00, 2.978699
2017-05-19 17:30:00+00:00, 2.741264
2017-05-19 18:00:00+00:00, 2.493976
2017-05-19 18:30:00+00:00, 2.250350
2017-05-19 19:00:00+00:00, 2.023864
2017-05-19 19:30:00+00:00, 1.827160
2017-05-19 20:00:00+00:00, 1.671284
2017-05-19 20:30:00+00:00, 1.565018
2017-05-19 21:00:00+00:00, 1.514356
2017-05-19 21:30:00+00:00, 1.522130
2017-05-19 22:00:00+00:00, 1.587838
2017-05-19 22:30:00+00:00, 1.707665
2017-05-19 23:00:00+00:00, 1.874704
2017-05-19 23:30:00+00:00, 2.079364
2017-05-20 00:00:00+00:00, 2.309939
2017-05-20 00:30:00+00:00, 2.553303
2017-05-20 01:00:00+00:00, 2.795696
2017-05-20 01:30:00+00:00, 3.023541
2017-05-20 02:00:00+00:00, 3.224257
2017-05-20 02:30:00+00:00, 3.387005
2017-05-20 03:00:00+00:00, 3.503333
2017-05-20 03:30:00+00:00, 3.567673
2017-05-20 04:00:00+00:00, 3.577662
2017-05-20 04:30:00+00:00, 3.534270
2017-05-20 05:00:00+00:00, 3.441720
2017-05-20 05:30:00+00:00, 3.307214
2017-05-20 06:00:00+00:00, 3.140471
2017-05-20 06:30:00+00:00, 2.953113
2017-05-20 07:00:00+00:00, 2.757937
2017-05-20 07:30:00+00:00, 2.568106
2017-05-20 08:00:00+00:00, 2.396325
2017-05-20 08:30:00+00:00, 2.254040
2017-05-20 09:00:00+00:00, 2.150717
2017-05-20 09:30:00+00:00, 2.093241
2017-05-20 10:00:00+00:00, 2.085478
2017-05-20 10:30:00+00:00, 2.128018
2017-05-20 11:00:00+00:00, 2.218131
2017-05-20 11:30:00+00:00, 2.349928
2017-05-20 12:00:00+00:00, 2.514714
2017-05-20 12:30:00+00:00, 2.701533
2017-05-20 13:00:00+00:00, 2.897848
2017-05-20 13:30:00+00:00, 3.090326
2017-05-20 14:00:00+00:00, 3.265687
2017-05-20 14:30:00+00:00, 3.411548
2017-05-20 15:00:00+00:00, 3.517220
2017-05-20 15:30:00+00:00, 3.574410
2017-05-20 16:00:00+00:00, 3.577774
2017-05-20 16:30:00+00:00, 3.525296
2017-05-20 17:00:00+00:00, 3.418459
2017-05-20 17:30:00+00:00, 3.262203
2017-05-20 18:00:00+00:00, 3.064662
2017-05-20 18:30:00+00:00, 2.836704
2017-05-20 19:00:00+00:00, 2.591295
2017-05-20 19:30:00+00:00, 2.342723
2017-05-20 20:00:00+00:00, 2.105734
2017-05-20 20:30:00+00:00, 1.894635
2017-05-20 21:00:00+00:00, 1.722399
2017-05-20 21:30:00+00:00, 1.599864
2017-05-20 22:00:00+00:00, 1.535038
2017-05-20 22:30:00+00:00, 1.532577
2017-05-20 23:00:00+00:00, 1.593468
2017-05-20 23:30:00+00:00, 1.714928
2017-05-21 00:00:00+00:00, 1.890540
2017-05-21 00:30:00+00:00, 2.110605
2017-05-21 01:00:00+00:00, 2.362707
2017-05-21 01:30:00+00:00, 2.632442
2017-05-21 02:00:00+00:00, 2.904286
2017-05-21 02:30:00+00:00, 3.162521
2017-05-21 03:00:00+00:00, 3.392197
2017-05-21 03:30:00+00:00, 3.580044
2017-05-21 04:00:00+00:00, 3.715287
2017-05-21 04:30:00+00:00, 3.790316
2017-05-21 05:00:00+00:00, 3.801160
2017-05-21 05:30:00+00:00, 3.747748
2017-05-21 06:00:00+00:00, 3.633918
2017-05-21 06:30:00+00:00, 3.467194
2017-05-21 07:00:00+00:00, 3.258332
2017-05-21 07:30:00+00:00, 3.020654
2017-05-21 08:00:00+00:00, 2.769233
2017-05-21 08:30:00+00:00, 2.519956
2017-05-21 09:00:00+00:00, 2.288528
2017-05-21 09:30:00+00:00, 2.089495
2017-05-21 10:00:00+00:00, 1.935321
2017-05-21 10:30:00+00:00, 1.835600
2017-05-21 11:00:00+00:00, 1.796439
2017-05-21 11:30:00+00:00, 1.820061
2017-05-21 12:00:00+00:00, 1.904645
2017-05-21 12:30:00+00:00, 2.044431
2017-05-21 13:00:00+00:00, 2.230060
2017-05-21 13:30:00+00:00, 2.449159
2017-05-21 14:00:00+00:00, 2.687113
2017-05-21 14:30:00+00:00, 2.927985
2017-05-21 15:00:00+00:00, 3.155531
2017-05-21 15:30:00+00:00, 3.354244
2017-05-21 16:00:00+00:00, 3.510352
2017-05-21 16:30:00+00:00, 3.612721
2017-05-21 17:00:00+00:00, 3.653600
2017-05-21 17:30:00+00:00, 3.629151
2017-05-21 18:00:00+00:00, 3.539739
2017-05-21 18:30:00+00:00, 3.389960
2017-05-21 19:00:00+00:00, 3.188392
2017-05-21 19:30:00+00:00, 2.947100
2017-05-21 20:00:00+00:00, 2.680905
2017-05-21 20:30:00+00:00, 2.406474
2017-05-21 21:00:00+00:00, 2.141284
2017-05-21 21:30:00+00:00, 1.902522
2017-05-21 22:00:00+00:00, 1.705984
2017-05-21 22:30:00+00:00, 1.565061
2017-05-21 23:00:00+00:00, 1.489860
2017-05-21 23:30:00+00:00, 1.486518
2017-05-22 00:00:00+00:00, 1.556766
2017-05-22 00:30:00+00:00, 1.697764
2017-05-22 01:00:00+00:00, 1.902222
2017-05-22 01:30:00+00:00, 2.158799
2017-05-22 02:00:00+00:00, 2.452768
2017-05-22 02:30:00+00:00, 2.766898
2017-05-22 03:00:00+00:00, 3.082497
2017-05-22 03:30:00+00:00, 3.380567
2017-05-22 04:00:00+00:00, 3.642983
2017-05-22 04:30:00+00:00, 3.853630
2017-05-22 05:00:00+00:00, 3.999424
2017-05-22 05:30:00+00:00, 4.071151
2017-05-22 06:00:00+00:00, 4.064073
2017-05-22 06:30:00+00:00, 3.978259
2017-05-22 07:00:00+00:00, 3.818607
2017-05-22 07:30:00+00:00, 3.594578
2017-05-22 08:00:00+00:00, 3.319630
2017-05-22 08:30:00+00:00, 3.010400
2017-05-22 09:00:00+00:00, 2.685683
2017-05-22 09:30:00+00:00, 2.365264
2017-05-22 10:00:00+00:00, 2.068685
2017-05-22 10:30:00+00:00, 1.814016
2017-05-22 11:00:00+00:00, 1.616711
2017-05-22 11:30:00+00:00, 1.488627
2017-05-22 12:00:00+00:00, 1.437265
2017-05-22 12:30:00+00:00, 1.465275
2017-05-22 13:00:00+00:00, 1.570278
2017-05-22 13:30:00+00:00, 1.744997
2017-05-22 14:00:00+00:00, 1.977707
2017-05-22 14:30:00+00:00, 2.252968
2017-05-22 15:00:00+00:00, 2.552600
2017-05-22 15:30:00+00:00, 2.856839
2017-05-22 16:00:00+00:00, 3.145600
2017-05-22 16:30:00+00:00, 3.399774
2017-05-22 17:00:00+00:00, 3.602463
2017-05-22 17:30:00+00:00, 3.740082
2017-05-22 18:00:00+00:00, 3.803266
2017-05-22 18:30:00+00:00, 3.787495
2017-05-22 19:00:00+00:00, 3.693427
2017-05-22 19:30:00+00:00, 3.526891
2017-05-22 20:00:00+00:00, 3.298548
2017-05-22 20:30:00+00:00, 3.023245
2017-05-22 21:00:00+00:00, 2.719080
2017-05-22 21:30:00+00:00, 2.406263
2017-05-22 22:00:00+00:00, 2.105823
2017-05-22 22:30:00+00:00, 1.838252
2017-05-22 23:00:00+00:00, 1.622171
2017-05-22 23:30:00+00:00, 1.473106
2017-05-23 00:00:00+00:00, 1.402445
2017-05-23 00:30:00+00:00, 1.416657
2017-05-23 01:00:00+00:00, 1.516815
2017-05-23 01:30:00+00:00, 1.698464
2017-05-23 02:00:00+00:00, 1.951834
2017-05-23 02:30:00+00:00, 2.262410
2017-05-23 03:00:00+00:00, 2.611793
2017-05-23 03:30:00+00:00, 2.978831
2017-05-23 04:00:00+00:00, 3.340933
2017-05-23 04:30:00+00:00, 3.675483
2017-05-23 05:00:00+00:00, 3.961278
2017-05-23 05:30:00+00:00, 4.179879
2017-05-23 06:00:00+00:00, 4.316806
2017-05-23 06:30:00+00:00, 4.362491
2017-05-23 07:00:00+00:00, 4.312921
2017-05-23 07:30:00+00:00, 4.169945
2017-05-23 08:00:00+00:00, 3.941201
2017-05-23 08:30:00+00:00, 3.639683
2017-05-23 09:00:00+00:00, 3.282959
2017-05-23 09:30:00+00:00, 2.892103
2017-05-23 10:00:00+00:00, 2.490389
2017-05-23 10:30:00+00:00, 2.101843
2017-05-23 11:00:00+00:00, 1.749736
2017-05-23 11:30:00+00:00, 1.455120
2017-05-23 12:00:00+00:00, 1.235495
2017-05-23 12:30:00+00:00, 1.103696
2017-05-23 13:00:00+00:00, 1.067071
2017-05-23 13:30:00+00:00, 1.127005
2017-05-23 14:00:00+00:00, 1.278824
2017-05-23 14:30:00+00:00, 1.512077
2017-05-23 15:00:00+00:00, 1.811203
2017-05-23 15:30:00+00:00, 2.156511
2017-05-23 16:00:00+00:00, 2.525438
2017-05-23 16:30:00+00:00, 2.893993
2017-05-23 17:00:00+00:00, 3.238300
2017-05-23 17:30:00+00:00, 3.536132
2017-05-23 18:00:00+00:00, 3.768356
2017-05-23 18:30:00+00:00, 3.920176
2017-05-23 19:00:00+00:00, 3.982102
2017-05-23 19:30:00+00:00, 3.950582
2017-05-23 20:00:00+00:00, 3.828253
2017-05-23 20:30:00+00:00, 3.623793
2017-05-23 21:00:00+00:00, 3.351374
2017-05-23 21:30:00+00:00, 3.029765
2017-05-23 22:00:00+00:00, 2.681127
2017-05-23 22:30:00+00:00, 2.329577
2017-05-23 23:00:00+00:00, 1.999623
2017-05-23 23:30:00+00:00, 1.714559
2017-05-24 00:00:00+00:00, 1.494928
2017-05-24 00:30:00+00:00, 1.357152
2017-05-24 01:00:00+00:00, 1.312418
2017-05-24 01:30:00+00:00, 1.365902
2017-05-24 02:00:00+00:00, 1.516363
2017-05-24 02:30:00+00:00, 1.756164
2017-05-24 03:00:00+00:00, 2.071690
2017-05-24 03:30:00+00:00, 2.444176
2017-05-24 04:00:00+00:00, 2.850849
2017-05-24 04:30:00+00:00, 3.266365
2017-05-24 05:00:00+00:00, 3.664398
2017-05-24 05:30:00+00:00, 4.019325
2017-05-24 06:00:00+00:00, 4.307869
2017-05-24 06:30:00+00:00, 4.510607
2017-05-24 07:00:00+00:00, 4.613244
2017-05-24 07:30:00+00:00, 4.607572
2017-05-24 08:00:00+00:00, 4.492042
2017-05-24 08:30:00+00:00, 4.271919
2017-05-24 09:00:00+00:00, 3.959000
2017-05-24 09:30:00+00:00, 3.570926
2017-05-24 10:00:00+00:00, 3.130100
2017-05-24 10:30:00+00:00, 2.662313
2017-05-24 11:00:00+00:00, 2.195136
2017-05-24 11:30:00+00:00, 1.756202
2017-05-24 12:00:00+00:00, 1.371462
2017-05-24 12:30:00+00:00, 1.063558
2017-05-24 13:00:00+00:00, 0.850388
2017-05-24 13:30:00+00:00, 0.743972
2017-05-24 14:00:00+00:00, 0.749688
2017-05-24 14:30:00+00:00, 0.865937
2017-05-24 15:00:00+00:00, 1.084236
2017-05-24 15:30:00+00:00, 1.389766
2017-05-24 16:00:00+00:00, 1.762322
2017-05-24 16:30:00+00:00, 2.177600
2017-05-24 17:00:00+00:00, 2.608762
2017-05-24 17:30:00+00:00, 3.028158
2017-05-24 18:00:00+00:00, 3.409103
2017-05-24 18:30:00+00:00, 3.727597
2017-05-24 19:00:00+00:00, 3.963872
2017-05-24 19:30:00+00:00, 4.103666
2017-05-24 20:00:00+00:00, 4.139149
2017-05-24 20:30:00+00:00, 4.069428
2017-05-24 21:00:00+00:00, 3.900606
2017-05-24 21:30:00+00:00, 3.645384
2017-05-24 22:00:00+00:00, 3.322237
2017-05-24 22:30:00+00:00, 2.954210
2017-05-24 23:00:00+00:00, 2.567410
2017-05-24 23:30:00+00:00, 2.189297
2017-05-25 00:00:00+00:00, 1.846876
2017-05-25 00:30:00+00:00, 1.564917
2017-05-25 01:00:00+00:00, 1.364302
2017-05-25 01:30:00+00:00, 1.260630
2017-05-25 02:00:00+00:00, 1.263146
2017-05-25 02:30:00+00:00, 1.374087
2017-05-25 03:00:00+00:00, 1.588474
2017-05-25 03:30:00+00:00, 1.894375
2017-05-25 04:00:00+00:00, 2.273620
2017-05-25 04:30:00+00:00, 2.702927
2017-05-25 05:00:00+00:00, 3.155361
2017-05-25 05:30:00+00:00, 3.602046
2017-05-25 06:00:00+00:00, 4.014011
2017-05-25 06:30:00+00:00, 4.364052
2017-05-25 07:00:00+00:00, 4.628501
2017-05-25 07:30:00+00:00, 4.788768
2017-05-25 08:00:00+00:00, 4.832577
2017-05-25 08:30:00+00:00, 4.754800
2017-05-25 09:00:00+00:00, 4.557842
2017-05-25 09:30:00+00:00, 4.251543
2017-05-25 10:00:00+00:00, 3.852608
2017-05-25 10:30:00+00:00, 3.383598
2017-05-25 11:00:00+00:00, 2.871541
2017-05-25 11:30:00+00:00, 2.346253
2017-05-25 12:00:00+00:00, 1.838476
2017-05-25 12:30:00+00:00, 1.377959
2017-05-25 13:00:00+00:00, 0.991578
2017-05-25 13:30:00+00:00, 0.701659
2017-05-25 14:00:00+00:00, 0.524566
2017-05-25 14:30:00+00:00, 0.469677
2017-05-25 15:00:00+00:00, 0.538804
2017-05-25 15:30:00+00:00, 0.726086
2017-05-25 16:00:00+00:00, 1.018383
2017-05-25 16:30:00+00:00, 1.396122
2017-05-25 17:00:00+00:00, 1.834566
2017-05-25 17:30:00+00:00, 2.305401
2017-05-25 18:00:00+00:00, 2.778560
2017-05-25 18:30:00+00:00, 3.224152
2017-05-25 19:00:00+00:00, 3.614384
2017-05-25 19:30:00+00:00, 3.925338
2017-05-25 20:00:00+00:00, 4.138505
2017-05-25 20:30:00+00:00, 4.241962
2017-05-25 21:00:00+00:00, 4.231123
2017-05-25 21:30:00+00:00, 4.109015
2017-05-25 22:00:00+00:00, 3.886062
2017-05-25 22:30:00+00:00, 3.579382
2017-05-25 23:00:00+00:00, 3.211653
2017-05-25 23:30:00+00:00, 2.809615
2017-05-26 00:00:00+00:00, 2.402302
2017-05-26 00:30:00+00:00, 2.019126
2017-05-26 01:00:00+00:00, 1.687931
2017-05-26 01:30:00+00:00, 1.433144
2017-05-26 02:00:00+00:00, 1.274144
2017-05-26 02:30:00+00:00, 1.223960
2017-05-26 03:00:00+00:00, 1.288371
2017-05-26 03:30:00+00:00, 1.465482
2017-05-26 04:00:00+00:00, 1.745797
2017-05-26 04:30:00+00:00, 2.112784
2017-05-26 05:00:00+00:00, 2.543905
2017-05-26 05:30:00+00:00, 3.012038
2017-05-26 06:00:00+00:00, 3.487202
2017-05-26 06:30:00+00:00, 3.938484
2017-05-26 07:00:00+00:00, 4.336025
2017-05-26 07:30:00+00:00, 4.652959
2017-05-26 08:00:00+00:00, 4.867161
2017-05-26 08:30:00+00:00, 4.962706
2017-05-26 09:00:00+00:00, 4.930932
2017-05-26 09:30:00+00:00, 4.771046
2017-05-26 10:00:00+00:00, 4.490229
2017-05-26 10:30:00+00:00, 4.103230
2017-05-26 11:00:00+00:00, 3.631479
2017-05-26 11:30:00+00:00, 3.101770
2017-05-26 12:00:00+00:00, 2.544600
2017-05-26 12:30:00+00:00, 1.992268
2017-05-26 13:00:00+00:00, 1.476855
2017-05-26 13:30:00+00:00, 1.028218
2017-05-26 14:00:00+00:00, 0.672121
2017-05-26 14:30:00+00:00, 0.428623
2017-05-26 15:00:00+00:00, 0.310835
2017-05-26 15:30:00+00:00, 0.324113
2017-05-26 16:00:00+00:00, 0.465741
2017-05-26 16:30:00+00:00, 0.725140
2017-05-26 17:00:00+00:00, 1.084565
2017-05-26 17:30:00+00:00, 1.520264
2017-05-26 18:00:00+00:00, 2.004013
2017-05-26 18:30:00+00:00, 2.504938
2017-05-26 19:00:00+00:00, 2.991495
2017-05-26 19:30:00+00:00, 3.433493
2017-05-26 20:00:00+00:00, 3.804021
2017-05-26 20:30:00+00:00, 4.081159
2017-05-26 21:00:00+00:00, 4.249356
2017-05-26 21:30:00+00:00, 4.300404
2017-05-26 22:00:00+00:00, 4.233925
2017-05-26 22:30:00+00:00, 4.057349
2017-05-26 23:00:00+00:00, 3.785393
2017-05-26 23:30:00+00:00, 3.439057
2017-05-27 00:00:00+00:00, 3.044220
2017-05-27 00:30:00+00:00, 2.629917
2017-05-27 01:00:00+00:00, 2.226411
2017-05-27 01:30:00+00:00, 1.863191
2017-05-27 02:00:00+00:00, 1.567007
2017-05-27 02:30:00+00:00, 1.360104
2017-05-27 03:00:00+00:00, 1.258728
2017-05-27 03:30:00+00:00, 1.272034
2017-05-27 04:00:00+00:00, 1.401456
2017-05-27 04:30:00+00:00, 1.640570
2017-05-27 05:00:00+00:00, 1.975477
2017-05-27 05:30:00+00:00, 2.385672
2017-05-27 06:00:00+00:00, 2.845344
2017-05-27 06:30:00+00:00, 3.325028
2017-05-27 07:00:00+00:00, 3.793491
2017-05-27 07:30:00+00:00, 4.219755
2017-05-27 08:00:00+00:00, 4.575095
2017-05-27 08:30:00+00:00, 4.834907
2017-05-27 09:00:00+00:00, 4.980321
2017-05-27 09:30:00+00:00, 4.999443
2017-05-27 10:00:00+00:00, 4.888161
2017-05-27 10:30:00+00:00, 4.650453
2017-05-27 11:00:00+00:00, 4.298179
2017-05-27 11:30:00+00:00, 3.850374
2017-05-27 12:00:00+00:00, 3.332076
2017-05-27 12:30:00+00:00, 2.772778
2017-05-27 13:00:00+00:00, 2.204594
2017-05-27 13:30:00+00:00, 1.660250
2017-05-27 14:00:00+00:00, 1.171050
2017-05-27 14:30:00+00:00, 0.764917
2017-05-27 15:00:00+00:00, 0.464665
2017-05-27 15:30:00+00:00, 0.286585
2017-05-27 16:00:00+00:00, 0.239456
2017-05-27 16:30:00+00:00, 0.324025
2017-05-27 17:00:00+00:00, 0.533003
2017-05-27 17:30:00+00:00, 0.851576
2017-05-27 18:00:00+00:00, 1.258377
2017-05-27 18:30:00+00:00, 1.726887
2017-05-27 19:00:00+00:00, 2.227144
2017-05-27 19:30:00+00:00, 2.727676
2017-05-27 20:00:00+00:00, 3.197509
2017-05-27 20:30:00+00:00, 3.608139
2017-05-27 21:00:00+00:00, 3.935339
2017-05-27 21:30:00+00:00, 4.160671
2017-05-27 22:00:00+00:00, 4.272628
2017-05-27 22:30:00+00:00, 4.267315
2017-05-27 23:00:00+00:00, 4.148645
2017-05-27 23:30:00+00:00, 3.928012
2017-05-28 00:00:00+00:00, 3.623498
2017-05-28 00:30:00+00:00, 3.258638
2017-05-28 01:00:00+00:00, 2.860837
2017-05-28 01:30:00+00:00, 2.459541
2017-05-28 02:00:00+00:00, 2.084282
2017-05-28 02:30:00+00:00, 1.762716
2017-05-28 03:00:00+00:00, 1.518794
2017-05-28 03:30:00+00:00, 1.371173
2017-05-28 04:00:00+00:00, 1.331976
2017-05-28 04:30:00+00:00, 1.405977
2017-05-28 05:00:00+00:00, 1.590271
2017-05-28 05:30:00+00:00, 1.874434
2017-05-28 06:00:00+00:00, 2.241184
2017-05-28 06:30:00+00:00, 2.667483
2017-05-28 07:00:00+00:00, 3.126013
2017-05-28 07:30:00+00:00, 3.586936
2017-05-28 08:00:00+00:00, 4.019819
2017-05-28 08:30:00+00:00, 4.395604
2017-05-28 09:00:00+00:00, 4.688485
2017-05-28 09:30:00+00:00, 4.877593
2017-05-28 10:00:00+00:00, 4.948358
2017-05-28 10:30:00+00:00, 4.893474
2017-05-28 11:00:00+00:00, 4.713400
2017-05-28 11:30:00+00:00, 4.416368
2017-05-28 12:00:00+00:00, 4.017899
2017-05-28 12:30:00+00:00, 3.539848
2017-05-28 13:00:00+00:00, 3.009055
2017-05-28 13:30:00+00:00, 2.455676
2017-05-28 14:00:00+00:00, 1.911307
2017-05-28 14:30:00+00:00, 1.407019
2017-05-28 15:00:00+00:00, 0.971429
2017-05-28 15:30:00+00:00, 0.628930
2017-05-28 16:00:00+00:00, 0.398193
2017-05-28 16:30:00+00:00, 0.291037
2017-05-28 17:00:00+00:00, 0.311730
2017-05-28 17:30:00+00:00, 0.456773
2017-05-28 18:00:00+00:00, 0.715178
2017-05-28 18:30:00+00:00, 1.069210
2017-05-28 19:00:00+00:00, 1.495564
2017-05-28 19:30:00+00:00, 1.966871
2017-05-28 20:00:00+00:00, 2.453466
2017-05-28 20:30:00+00:00, 2.925284
2017-05-28 21:00:00+00:00, 3.353768
2017-05-28 21:30:00+00:00, 3.713665
2017-05-28 22:00:00+00:00, 3.984605
2017-05-28 22:30:00+00:00, 4.152346
2017-05-28 23:00:00+00:00, 4.209621
2017-05-28 23:30:00+00:00, 4.156533
2017-05-29 00:00:00+00:00, 4.000469
2017-05-29 00:30:00+00:00, 3.755539
2017-05-29 01:00:00+00:00, 3.441597
2017-05-29 01:30:00+00:00, 3.082882
2017-05-29 02:00:00+00:00, 2.706388
2017-05-29 02:30:00+00:00, 2.340069
2017-05-29 03:00:00+00:00, 2.010978
2017-05-29 03:30:00+00:00, 1.743484
2017-05-29 04:00:00+00:00, 1.557661
2017-05-29 04:30:00+00:00, 1.467973
2017-05-29 05:00:00+00:00, 1.482317
2017-05-29 05:30:00+00:00, 1.601502
2017-05-29 06:00:00+00:00, 1.819190
2017-05-29 06:30:00+00:00, 2.122298
2017-05-29 07:00:00+00:00, 2.491843
2017-05-29 07:30:00+00:00, 2.904164
2017-05-29 08:00:00+00:00, 3.332452
2017-05-29 08:30:00+00:00, 3.748479
2017-05-29 09:00:00+00:00, 4.124423
2017-05-29 09:30:00+00:00, 4.434668
2017-05-29 10:00:00+00:00, 4.657456
2017-05-29 10:30:00+00:00, 4.776306
2017-05-29 11:00:00+00:00, 4.781085
2017-05-29 11:30:00+00:00, 4.668678
2017-05-29 12:00:00+00:00, 4.443217
2017-05-29 12:30:00+00:00, 4.115841
2017-05-29 13:00:00+00:00, 3.704020
2017-05-29 13:30:00+00:00, 3.230474
2017-05-29 14:00:00+00:00, 2.721765
2017-05-29 14:30:00+00:00, 2.206649
2017-05-29 15:00:00+00:00, 1.714294
2017-05-29 15:30:00+00:00, 1.272476
2017-05-29 16:00:00+00:00, 0.905870
2017-05-29 16:30:00+00:00, 0.634543
2017-05-29 17:00:00+00:00, 0.472739
2017-05-29 17:30:00+00:00, 0.428041
2017-05-29 18:00:00+00:00, 0.500954
2017-05-29 18:30:00+00:00, 0.684929
2017-05-29 19:00:00+00:00, 0.966838
2017-05-29 19:30:00+00:00, 1.327855
2017-05-29 20:00:00+00:00, 1.744686
2017-05-29 20:30:00+00:00, 2.191076
2017-05-29 21:00:00+00:00, 2.639483
2017-05-29 21:30:00+00:00, 3.062826
2017-05-29 22:00:00+00:00, 3.436180
2017-05-29 22:30:00+00:00, 3.738322
2017-05-29 23:00:00+00:00, 3.953029
2017-05-29 23:30:00+00:00, 4.070043
2017-05-30 00:00:00+00:00, 4.085641
2017-05-30 00:30:00+00:00, 4.002794
2017-05-30 01:00:00+00:00, 3.830878
2017-05-30 01:30:00+00:00, 3.584994
2017-05-30 02:00:00+00:00, 3.284912
2017-05-30 02:30:00+00:00, 2.953727
2017-05-30 03:00:00+00:00, 2.616313
2017-05-30 03:30:00+00:00, 2.297670
2017-05-30 04:00:00+00:00, 2.021273
2017-05-30 04:30:00+00:00, 1.807539
2017-05-30 05:00:00+00:00, 1.672488
2017-05-30 05:30:00+00:00, 1.626706
2017-05-30 06:00:00+00:00, 1.674663
2017-05-30 06:30:00+00:00, 1.814424
2017-05-30 07:00:00+00:00, 2.037790
2017-05-30 07:30:00+00:00, 2.330827
2017-05-30 08:00:00+00:00, 2.674778
2017-05-30 08:30:00+00:00, 3.047278
2017-05-30 09:00:00+00:00, 3.423800
2017-05-30 09:30:00+00:00, 3.779239
2017-05-30 10:00:00+00:00, 4.089531
2017-05-30 10:30:00+00:00, 4.333204
2017-05-30 11:00:00+00:00, 4.492761
2017-05-30 11:30:00+00:00, 4.555811
2017-05-30 12:00:00+00:00, 4.515870
2017-05-30 12:30:00+00:00, 4.372791
2017-05-30 13:00:00+00:00, 4.132790
2017-05-30 13:30:00+00:00, 3.808074
2017-05-30 14:00:00+00:00, 3.416087
2017-05-30 14:30:00+00:00, 2.978436
2017-05-30 15:00:00+00:00, 2.519552
2017-05-30 15:30:00+00:00, 2.065185
2017-05-30 16:00:00+00:00, 1.640819
2017-05-30 16:30:00+00:00, 1.270109
2017-05-30 17:00:00+00:00, 0.973444
2017-05-30 17:30:00+00:00, 0.766719
2017-05-30 18:00:00+00:00, 0.660391
2017-05-30 18:30:00+00:00, 0.658887
2017-05-30 19:00:00+00:00, 0.760385
2017-05-30 19:30:00+00:00, 0.956985
2017-05-30 20:00:00+00:00, 1.235262
2017-05-30 20:30:00+00:00, 1.577154
2017-05-30 21:00:00+00:00, 1.961132
2017-05-30 21:30:00+00:00, 2.363572
2017-05-30 22:00:00+00:00, 2.760250
2017-05-30 22:30:00+00:00, 3.127851
2017-05-30 23:00:00+00:00, 3.445408
2017-05-30 23:30:00+00:00, 3.695579
2017-05-31 00:00:00+00:00, 3.865677
2017-05-31 00:30:00+00:00, 3.948397
2017-05-31 01:00:00+00:00, 3.942193
2017-05-31 01:30:00+00:00, 3.851287
2017-05-31 02:00:00+00:00, 3.685309
2017-05-31 02:30:00+00:00, 3.458600
2017-05-31 03:00:00+00:00, 3.189216
2017-05-31 03:30:00+00:00, 2.897714
2017-05-31 04:00:00+00:00, 2.605777
2017-05-31 04:30:00+00:00, 2.334795
2017-05-31 05:00:00+00:00, 2.104464
2017-05-31 05:30:00+00:00, 1.931512
2017-05-31 06:00:00+00:00, 1.828626
2017-05-31 06:30:00+00:00, 1.803645
2017-05-31 07:00:00+00:00, 1.859072
2017-05-31 07:30:00+00:00, 1.991928
2017-05-31 08:00:00+00:00, 2.193963
2017-05-31 08:30:00+00:00, 2.452207
2017-05-31 09:00:00+00:00, 2.749814
2017-05-31 09:30:00+00:00, 3.067158
2017-05-31 10:00:00+00:00, 3.383097
2017-05-31 10:30:00+00:00, 3.676339
2017-05-31 11:00:00+00:00, 3.926806
2017-05-31 11:30:00+00:00, 4.116917
2017-05-31 12:00:00+00:00, 4.232719
2017-05-31 12:30:00+00:00, 4.264777
2017-05-31 13:00:00+00:00, 4.208782
2017-05-31 13:30:00+00:00, 4.065831
2017-05-31 14:00:00+00:00, 3.842376
2017-05-31 14:30:00+00:00, 3.549830
2017-05-31 15:00:00+00:00, 3.203868
2017-05-31 15:30:00+00:00, 2.823463
2017-05-31 16:00:00+00:00, 2.429725
2017-05-31 16:30:00+00:00, 2.044610
2017-05-31 17:00:00+00:00, 1.689579
2017-05-31 17:30:00+00:00, 1.384301
2017-05-31 18:00:00+00:00, 1.145467
2017-05-31 18:30:00+00:00, 0.985799
2017-05-31 19:00:00+00:00, 0.913311
2017-05-31 19:30:00+00:00, 0.930857
2017-05-31 20:00:00+00:00, 1.036008
2017-05-31 20:30:00+00:00, 1.221251
2017-05-31 21:00:00+00:00, 1.474498
2017-05-31 21:30:00+00:00, 1.779872
2017-05-31 22:00:00+00:00, 2.118717
2017-05-31 22:30:00+00:00, 2.470770
2017-05-31 23:00:00+00:00, 2.815419
2017-05-31 23:30:00+00:00, 3.132964
2017-06-01 00:00:00+00:00, 3.405815
2017-06-01 00:30:00+00:00, 3.619534
2017-06-01 01:00:00+00:00, 3.763680
2017-06-01 01:30:00+00:00, 3.832384
2017-06-01 02:00:00+00:00, 3.824643
2017-06-01 02:30:00+00:00, 3.744295
2017-06-01 03:00:00+00:00, 3.599703
2017-06-01 03:30:00+00:00, 3.403150
2017-06-01 04:00:00+00:00, 3.169996
2017-06-01 04:30:00+00:00, 2.917660
2017-06-01 05:00:00+00:00, 2.664471
2017-06-01 05:30:00+00:00, 2.428482
2017-06-01 06:00:00+00:00, 2.226309
2017-06-01 06:30:00+00:00, 2.072078
2017-06-01 07:00:00+00:00, 1.976534
2017-06-01 07:30:00+00:00, 1.946375
2017-06-01 08:00:00+00:00, 1.983847
2017-06-01 08:30:00+00:00, 2.086626
2017-06-01 09:00:00+00:00, 2.247990
2017-06-01 09:30:00+00:00, 2.457268
2017-06-01 10:00:00+00:00, 2.700541
2017-06-01 10:30:00+00:00, 2.961539
2017-06-01 11:00:00+00:00, 3.222690
2017-06-01 11:30:00+00:00, 3.466240
2017-06-01 12:00:00+00:00, 3.675389
2017-06-01 12:30:00+00:00, 3.835356
2017-06-01 13:00:00+00:00, 3.934319
2017-06-01 13:30:00+00:00, 3.964166
2017-06-01 14:00:00+00:00, 3.921016
2017-06-01 14:30:00+00:00, 3.805470
2017-06-01 15:00:00+00:00, 3.622588
2017-06-01 15:30:00+00:00, 3.381590
2017-06-01 16:00:00+00:00, 3.095295
2017-06-01 16:30:00+00:00, 2.779347
2017-06-01 17:00:00+00:00, 2.451269
2017-06-01 17:30:00+00:00, 2.129395
2017-06-01 18:00:00+00:00, 1.831769
2017-06-01 18:30:00+00:00, 1.575056
2017-06-01 19:00:00+00:00, 1.373549
2017-06-01 19:30:00+00:00, 1.238316
2017-06-01 20:00:00+00:00, 1.176552
2017-06-01 20:30:00+00:00, 1.191173
2017-06-01 21:00:00+00:00, 1.280663
2017-06-01 21:30:00+00:00, 1.439198
2017-06-01 22:00:00+00:00, 1.657025
2017-06-01 22:30:00+00:00, 1.921078
2017-06-01 23:00:00+00:00, 2.215789
2017-06-01 23:30:00+00:00, 2.524044
2017-06-02 00:00:00+00:00, 2.828226
2017-06-02 00:30:00+00:00, 3.111272
2017-06-02 01:00:00+00:00, 3.357695
2017-06-02 01:30:00+00:00, 3.554495
2017-06-02 02:00:00+00:00, 3.691911
2017-06-02 02:30:00+00:00, 3.763965
2017-06-02 03:00:00+00:00, 3.768774
2017-06-02 03:30:00+00:00, 3.708601
2017-06-02 04:00:00+00:00, 3.589662
2017-06-02 04:30:00+00:00, 3.421681
2017-06-02 05:00:00+00:00, 3.217239
2017-06-02 05:30:00+00:00, 2.990951
2017-06-02 06:00:00+00:00, 2.758533
2017-06-02 06:30:00+00:00, 2.535795
2017-06-02 07:00:00+00:00, 2.337652
2017-06-02 07:30:00+00:00, 2.177191
2017-06-02 08:00:00+00:00, 2.064860
2017-06-02 08:30:00+00:00, 2.007833
2017-06-02 09:00:00+00:00, 2.009576
2017-06-02 09:30:00+00:00, 2.069652
2017-06-02 10:00:00+00:00, 2.183773
2017-06-02 10:30:00+00:00, 2.344086
2017-06-02 11:00:00+00:00, 2.539688
2017-06-02 11:30:00+00:00, 2.757325
2017-06-02 12:00:00+00:00, 2.982236
2017-06-02 12:30:00+00:00, 3.199089
2017-06-02 13:00:00+00:00, 3.392957
2017-06-02 13:30:00+00:00, 3.550255
2017-06-02 14:00:00+00:00, 3.659607
2017-06-02 14:30:00+00:00, 3.712563
2017-06-02 15:00:00+00:00, 3.704141
2017-06-02 15:30:00+00:00, 3.633156
2017-06-02 16:00:00+00:00, 3.502311
2017-06-02 16:30:00+00:00, 3.318046
2017-06-02 17:00:00+00:00, 3.090166
2017-06-02 17:30:00+00:00, 2.831254
2017-06-02 18:00:00+00:00, 2.555915
2017-06-02 18:30:00+00:00, 2.279900
2017-06-02 19:00:00+00:00, 2.019149
2017-06-02 19:30:00+00:00, 1.788838
2017-06-02 20:00:00+00:00, 1.602452
2017-06-02 20:30:00+00:00, 1.470975
2017-06-02 21:00:00+00:00, 1.402228
2017-06-02 21:30:00+00:00, 1.400390
2017-06-02 22:00:00+00:00, 1.465752
2017-06-02 22:30:00+00:00, 1.594693
2017-06-02 23:00:00+00:00, 1.779902
2017-06-02 23:30:00+00:00, 2.010817
2017-06-03 00:00:00+00:00, 2.274257
2017-06-03 00:30:00+00:00, 2.555219
2017-06-03 01:00:00+00:00, 2.837769
2017-06-03 01:30:00+00:00, 3.106002
2017-06-03 02:00:00+00:00, 3.344988
2017-06-03 02:30:00+00:00, 3.541653
2017-06-03 03:00:00+00:00, 3.685560
2017-06-03 03:30:00+00:00, 3.769507
2017-06-03 04:00:00+00:00, 3.789944
2017-06-03 04:30:00+00:00, 3.747159
2017-06-03 05:00:00+00:00, 3.645231
2017-06-03 05:30:00+00:00, 3.491752
2017-06-03 06:00:00+00:00, 3.297342
2017-06-03 06:30:00+00:00, 3.074973
2017-06-03 07:00:00+00:00, 2.839157
2017-06-03 07:30:00+00:00, 2.605045
2017-06-03 08:00:00+00:00, 2.387482
2017-06-03 08:30:00+00:00, 2.200098
2017-06-03 09:00:00+00:00, 2.054463
2017-06-03 09:30:00+00:00, 1.959381
2017-06-03 10:00:00+00:00, 1.920352
2017-06-03 10:30:00+00:00, 1.939246
2017-06-03 11:00:00+00:00, 2.014195
2017-06-03 11:30:00+00:00, 2.139725
2017-06-03 12:00:00+00:00, 2.307107
2017-06-03 12:30:00+00:00, 2.504910
2017-06-03 13:00:00+00:00, 2.719730
2017-06-03 13:30:00+00:00, 2.937032
2017-06-03 14:00:00+00:00, 3.142073
2017-06-03 14:30:00+00:00, 3.320830
2017-06-03 15:00:00+00:00, 3.460894
2017-06-03 15:30:00+00:00, 3.552261
2017-06-03 16:00:00+00:00, 3.587973
2017-06-03 16:30:00+00:00, 3.564579
2017-06-03 17:00:00+00:00, 3.482369
2017-06-03 17:30:00+00:00, 3.345385
2017-06-03 18:00:00+00:00, 3.161194
2017-06-03 18:30:00+00:00, 2.940439
2017-06-03 19:00:00+00:00, 2.696202
2017-06-03 19:30:00+00:00, 2.443204
2017-06-03 20:00:00+00:00, 2.196908
2017-06-03 20:30:00+00:00, 1.972566
2017-06-03 21:00:00+00:00, 1.784272
2017-06-03 21:30:00+00:00, 1.644082
2017-06-03 22:00:00+00:00, 1.561259
2017-06-03 22:30:00+00:00, 1.541677
2017-06-03 23:00:00+00:00, 1.587441
2017-06-03 23:30:00+00:00, 1.696724
2017-06-04 00:00:00+00:00, 1.863859
2017-06-04 00:30:00+00:00, 2.079651
2017-06-04 01:00:00+00:00, 2.331923
2017-06-04 01:30:00+00:00, 2.606236
2017-06-04 02:00:00+00:00, 2.886757
2017-06-04 02:30:00+00:00, 3.157212
2017-06-04 03:00:00+00:00, 3.401876
2017-06-04 03:30:00+00:00, 3.606526
2017-06-04 04:00:00+00:00, 3.759308
2017-06-04 04:30:00+00:00, 3.851467
2017-06-04 05:00:00+00:00, 3.877881
2017-06-04 05:30:00+00:00, 3.837376
2017-06-04 06:00:00+00:00, 3.732806
2017-06-04 06:30:00+00:00, 3.570872
2017-06-04 07:00:00+00:00, 3.361721
2017-06-04 07:30:00+00:00, 3.118317
2017-06-04 08:00:00+00:00, 2.855646
2017-06-04 08:30:00+00:00, 2.589792
2017-06-04 09:00:00+00:00, 2.336947
2017-06-04 09:30:00+00:00, 2.112405
2017-06-04 10:00:00+00:00, 1.929622
2017-06-04 10:30:00+00:00, 1.799380
2017-06-04 11:00:00+00:00, 1.729120
2017-06-04 11:30:00+00:00, 1.722482
2017-06-04 12:00:00+00:00, 1.779084
2017-06-04 12:30:00+00:00, 1.894546
2017-06-04 13:00:00+00:00, 2.060773
2017-06-04 13:30:00+00:00, 2.266467
2017-06-04 14:00:00+00:00, 2.497840
2017-06-04 14:30:00+00:00, 2.739488
2017-06-04 15:00:00+00:00, 2.975371
2017-06-04 15:30:00+00:00, 3.189833
2017-06-04 16:00:00+00:00, 3.368598
2017-06-04 16:30:00+00:00, 3.499692
2017-06-04 17:00:00+00:00, 3.574212
2017-06-04 17:30:00+00:00, 3.586908
2017-06-04 18:00:00+00:00, 3.536542
2017-06-04 18:30:00+00:00, 3.425980
2017-06-04 19:00:00+00:00, 3.262037
2017-06-04 19:30:00+00:00, 3.055066
2017-06-04 20:00:00+00:00, 2.818313
2017-06-04 20:30:00+00:00, 2.567098
2017-06-04 21:00:00+00:00, 2.317846
2017-06-04 21:30:00+00:00, 2.087047
2017-06-04 22:00:00+00:00, 1.890204
2017-06-04 22:30:00+00:00, 1.740836
2017-06-04 23:00:00+00:00, 1.649595
2017-06-04 23:30:00+00:00, 1.623566
2017-06-05 00:00:00+00:00, 1.665780
2017-06-05 00:30:00+00:00, 1.774979
2017-06-05 01:00:00+00:00, 1.945659
2017-06-05 01:30:00+00:00, 2.168368
2017-06-05 02:00:00+00:00, 2.430268
2017-06-05 02:30:00+00:00, 2.715903
2017-06-05 03:00:00+00:00, 3.008149
2017-06-05 03:30:00+00:00, 3.289265
2017-06-05 04:00:00+00:00, 3.541999
2017-06-05 04:30:00+00:00, 3.750667
2017-06-05 05:00:00+00:00, 3.902143
2017-06-05 05:30:00+00:00, 3.986691
2017-06-05 06:00:00+00:00, 3.998598
2017-06-05 06:30:00+00:00, 3.936550
2017-06-05 07:00:00+00:00, 3.803742
2017-06-05 07:30:00+00:00, 3.607703
2017-06-05 08:00:00+00:00, 3.359846
2017-06-05 08:30:00+00:00, 3.074779
2017-06-05 09:00:00+00:00, 2.769411
2017-06-05 09:30:00+00:00, 2.461905
2017-06-05 10:00:00+00:00, 2.170554
2017-06-05 10:30:00+00:00, 1.912644
2017-06-05 11:00:00+00:00, 1.703376
2017-06-05 11:30:00+00:00, 1.554916
2017-06-05 12:00:00+00:00, 1.475632
2017-06-05 12:30:00+00:00, 1.469572
2017-06-05 13:00:00+00:00, 1.536211
2017-06-05 13:30:00+00:00, 1.670485
2017-06-05 14:00:00+00:00, 1.863119
2017-06-05 14:30:00+00:00, 2.101212
2017-06-05 15:00:00+00:00, 2.369064
2017-06-05 15:30:00+00:00, 2.649177
2017-06-05 16:00:00+00:00, 2.923372
2017-06-05 16:30:00+00:00, 3.173955
2017-06-05 17:00:00+00:00, 3.384850
2017-06-05 17:30:00+00:00, 3.542638
2017-06-05 18:00:00+00:00, 3.637420
2017-06-05 18:30:00+00:00, 3.663460
2017-06-05 19:00:00+00:00, 3.619564
2017-06-05 19:30:00+00:00, 3.509165
2017-06-05 20:00:00+00:00, 3.340110
2017-06-05 20:30:00+00:00, 3.124162
2017-06-05 21:00:00+00:00, 2.876248
2017-06-05 21:30:00+00:00, 2.613495
2017-06-05 22:00:00+00:00, 2.354125
2017-06-05 22:30:00+00:00, 2.116266
2017-06-05 23:00:00+00:00, 1.916770
2017-06-05 23:30:00+00:00, 1.770098
2017-06-06 00:00:00+00:00, 1.687360
2017-06-06 00:30:00+00:00, 1.675559
2017-06-06 01:00:00+00:00, 1.737099
2017-06-06 01:30:00+00:00, 1.869586
2017-06-06 02:00:00+00:00, 2.065931
2017-06-06 02:30:00+00:00, 2.314768
2017-06-06 03:00:00+00:00, 2.601136
2017-06-06 03:30:00+00:00, 2.907410
2017-06-06 04:00:00+00:00, 3.214402
2017-06-06 04:30:00+00:00, 3.502575
2017-06-06 05:00:00+00:00, 3.753288
2017-06-06 05:30:00+00:00, 3.949990
2017-06-06 06:00:00+00:00, 4.079295
2017-06-06 06:30:00+00:00, 4.131859
2017-06-06 07:00:00+00:00, 4.103008
2017-06-06 07:30:00+00:00, 3.993071
2017-06-06 08:00:00+00:00, 3.807397
2017-06-06 08:30:00+00:00, 3.556059
2017-06-06 09:00:00+00:00, 3.253250
2017-06-06 09:30:00+00:00, 2.916414
2017-06-06 10:00:00+00:00, 2.565177
2017-06-06 10:30:00+00:00, 2.220122
2017-06-06 11:00:00+00:00, 1.901506
2017-06-06 11:30:00+00:00, 1.627992
2017-06-06 12:00:00+00:00, 1.415477
2017-06-06 12:30:00+00:00, 1.276095
2017-06-06 13:00:00+00:00, 1.217452
2017-06-06 13:30:00+00:00, 1.242147
2017-06-06 14:00:00+00:00, 1.347622
2017-06-06 14:30:00+00:00, 1.526322
2017-06-06 15:00:00+00:00, 1.766188
2017-06-06 15:30:00+00:00, 2.051433
2017-06-06 16:00:00+00:00, 2.363553
2017-06-06 16:30:00+00:00, 2.682523
2017-06-06 17:00:00+00:00, 2.988079
2017-06-06 17:30:00+00:00, 3.261022
2017-06-06 18:00:00+00:00, 3.484455
2017-06-06 18:30:00+00:00, 3.644865
2017-06-06 19:00:00+00:00, 3.732995
2017-06-06 19:30:00+00:00, 3.744434
2017-06-06 20:00:00+00:00, 3.679897
2017-06-06 20:30:00+00:00, 3.545168
2017-06-06 21:00:00+00:00, 3.350717
2017-06-06 21:30:00+00:00, 3.111006
2017-06-06 22:00:00+00:00, 2.843537
2017-06-06 22:30:00+00:00, 2.567698
2017-06-06 23:00:00+00:00, 2.303477
2017-06-06 23:30:00+00:00, 2.070140
2017-06-07 00:00:00+00:00, 1.884946
2017-06-07 00:30:00+00:00, 1.761990
2017-06-07 01:00:00+00:00, 1.711246
2017-06-07 01:30:00+00:00, 1.737878
2017-06-07 02:00:00+00:00, 1.841856
2017-06-07 02:30:00+00:00, 2.017919
2017-06-07 03:00:00+00:00, 2.255871
2017-06-07 03:30:00+00:00, 2.541203
2017-06-07 04:00:00+00:00, 2.856004
2017-06-07 04:30:00+00:00, 3.180099
2017-06-07 05:00:00+00:00, 3.492336
2017-06-07 05:30:00+00:00, 3.771954
2017-06-07 06:00:00+00:00, 3.999931
2017-06-07 06:30:00+00:00, 4.160233
2017-06-07 07:00:00+00:00, 4.240870
2017-06-07 07:30:00+00:00, 4.234712
2017-06-07 08:00:00+00:00, 4.139985
2017-06-07 08:30:00+00:00, 3.960436
2017-06-07 09:00:00+00:00, 3.705140
2017-06-07 09:30:00+00:00, 3.387964
2017-06-07 10:00:00+00:00, 3.026727
2017-06-07 10:30:00+00:00, 2.642098
2017-06-07 11:00:00+00:00, 2.256311
2017-06-07 11:30:00+00:00, 1.891773
2017-06-07 12:00:00+00:00, 1.569659
2017-06-07 12:30:00+00:00, 1.308578
2017-06-07 13:00:00+00:00, 1.123405
2017-06-07 13:30:00+00:00, 1.024344
2017-06-07 14:00:00+00:00, 1.016291
2017-06-07 14:30:00+00:00, 1.098533
2017-06-07 15:00:00+00:00, 1.264808
2017-06-07 15:30:00+00:00, 1.503716
2017-06-07 16:00:00+00:00, 1.799464
2017-06-07 16:30:00+00:00, 2.132891
2017-06-07 17:00:00+00:00, 2.482701
2017-06-07 17:30:00+00:00, 2.826844
2017-06-07 18:00:00+00:00, 3.143933
2017-06-07 18:30:00+00:00, 3.414621
2017-06-07 19:00:00+00:00, 3.622845
2017-06-07 19:30:00+00:00, 3.756846
2017-06-07 20:00:00+00:00, 3.809919
2017-06-07 20:30:00+00:00, 3.780823
2017-06-07 21:00:00+00:00, 3.673836
2017-06-07 21:30:00+00:00, 3.498454
2017-06-07 22:00:00+00:00, 3.268733
2017-06-07 22:30:00+00:00, 3.002352
2017-06-07 23:00:00+00:00, 2.719417
2017-06-07 23:30:00+00:00, 2.441118
2017-06-08 00:00:00+00:00, 2.188305
2017-06-08 00:30:00+00:00, 1.980089
2017-06-08 01:00:00+00:00, 1.832547
2017-06-08 01:30:00+00:00, 1.757635
2017-06-08 02:00:00+00:00, 1.762358
2017-06-08 02:30:00+00:00, 1.848273
2017-06-08 03:00:00+00:00, 2.011342
2017-06-08 03:30:00+00:00, 2.242160
2017-06-08 04:00:00+00:00, 2.526533
2017-06-08 04:30:00+00:00, 2.846377
2017-06-08 05:00:00+00:00, 3.180879
2017-06-08 05:30:00+00:00, 3.507840
2017-06-08 06:00:00+00:00, 3.805124
2017-06-08 06:30:00+00:00, 4.052106
2017-06-08 07:00:00+00:00, 4.231032
2017-06-08 07:30:00+00:00, 4.328209
2017-06-08 08:00:00+00:00, 4.334926
2017-06-08 08:30:00+00:00, 4.248071
2017-06-08 09:00:00+00:00, 4.070378
2017-06-08 09:30:00+00:00, 3.810309
2017-06-08 10:00:00+00:00, 3.481557
2017-06-08 10:30:00+00:00, 3.102218
2017-06-08 11:00:00+00:00, 2.693674
2017-06-08 11:30:00+00:00, 2.279257
2017-06-08 12:00:00+00:00, 1.882791
2017-06-08 12:30:00+00:00, 1.527094
2017-06-08 13:00:00+00:00, 1.232542
2017-06-08 13:30:00+00:00, 1.015786
2017-06-08 14:00:00+00:00, 0.888711
2017-06-08 14:30:00+00:00, 0.857690
2017-06-08 15:00:00+00:00, 0.923199
2017-06-08 15:30:00+00:00, 1.079807
2017-06-08 16:00:00+00:00, 1.316545
2017-06-08 16:30:00+00:00, 1.617628
2017-06-08 17:00:00+00:00, 1.963485
2017-06-08 17:30:00+00:00, 2.332036
2017-06-08 18:00:00+00:00, 2.700119
2017-06-08 18:30:00+00:00, 3.044986
2017-06-08 19:00:00+00:00, 3.345769
2017-06-08 19:30:00+00:00, 3.584819
2017-06-08 20:00:00+00:00, 3.748825
2017-06-08 20:30:00+00:00, 3.829654
2017-06-08 21:00:00+00:00, 3.824843
2017-06-08 21:30:00+00:00, 3.737723
2017-06-08 22:00:00+00:00, 3.577157
2017-06-08 22:30:00+00:00, 3.356918
2017-06-08 23:00:00+00:00, 3.094741
2017-06-08 23:30:00+00:00, 2.811113